key,latitude,longitude,date
1,40.76586811059,-73.9767153788,03/31/2025 11:17:00 PM
2,40.80552767226,-73.95277449078,03/31/2025 11:11:00 PM
3,40.80482559994,-73.95420539322,03/31/2025 10:26:00 PM
4,40.74947729727,-73.98109537415,03/31/2025 09:50:00 PM
5,40.70631454319,-74.00789527128,03/31/2025 09:38:00 PM
6,40.74632669753,-73.98351427132,03/31/2025 09:26:00 PM
7,40.71511134259,-73.98998982667,03/31/2025 09:26:00 PM
8,40.73765081739,-73.92743686783,03/31/2025 09:26:00 PM
9,40.71511134259,-73.98998982667,03/31/2025 09:11:00 PM
10,40.74632669753,-73.98351427132,03/31/2025 09:08:00 PM
11,40.826247342,-73.94601015021,03/31/2025 09:02:00 PM
12,40.71010508821,-74.00749534339,03/31/2025 08:29:00 PM
13,40.7583292113,-73.96893569431,03/31/2025 08:08:00 PM
14,40.76449211672,-73.98941203374,03/31/2025 07:32:00 PM
15,40.73444801849,-73.95495738344,03/31/2025 07:29:00 PM
16,40.7329221726,-73.99118508469,03/31/2025 07:26:00 PM
17,40.7142986211,-73.98723763552,03/31/2025 07:23:00 PM
18,40.76449211672,-73.98941203374,03/31/2025 07:14:00 PM
19,40.72999653889,-73.95628816428,03/31/2025 06:47:00 PM
20,40.88040364047,-73.91503286513,03/31/2025 06:41:00 PM
21,40.74517467647,-73.9553868079,03/31/2025 06:38:00 PM
22,40.78126181923,-73.98381976612,03/31/2025 05:20:00 PM
23,40.71591829469,-74.01009687004,03/31/2025 04:38:00 PM
24,40.73212920002,-74.00418189327,03/31/2025 04:35:00 PM
25,40.72836883638,-74.00536146914,03/31/2025 04:23:00 PM
26,40.77171924968,-73.94911953291,03/31/2025 04:05:00 PM
27,40.72082573883,-73.98796511658,03/31/2025 03:44:00 PM
28,40.77737905553,-73.90919231758,03/31/2025 03:17:00 PM
29,40.84731104282,-73.90817516876,03/31/2025 02:53:00 PM
30,40.76671897314,-73.91712372846,03/31/2025 02:41:00 PM
31,40.77376248833,-73.94563389008,03/31/2025 02:29:00 PM
32,40.72625704695,-73.98340017635,03/31/2025 01:38:00 PM
33,40.72625704695,-73.98340017635,03/31/2025 01:35:00 PM
34,40.86125155997,-73.92770691106,03/31/2025 01:26:00 PM
35,40.72728525304,-73.97711490838,03/31/2025 01:08:00 PM
36,40.71941540302,-73.95603897131,03/31/2025 11:56:00 AM
37,40.70020170492,-73.91976700814,03/31/2025 11:35:00 AM
38,40.72582685403,-73.98967794203,03/31/2025 11:35:00 AM
39,40.77679851485,-73.98140896222,03/31/2025 11:23:00 AM
40,40.78785636457,-73.97755632349,03/31/2025 11:23:00 AM
41,40.80203052948,-73.95900041413,03/31/2025 11:14:00 AM
42,40.73569946119,-73.98694847413,03/31/2025 11:08:00 AM
43,40.77171924968,-73.94911953291,03/31/2025 10:59:00 AM
44,40.77062718249,-73.95666223643,03/31/2025 10:59:00 AM
45,40.77432355463,-73.98723696333,03/31/2025 10:41:00 AM
46,40.79213963132,-73.97182351873,03/31/2025 09:53:00 AM
47,40.71581675825,-74.00986959426,03/31/2025 09:38:00 AM
48,40.83506065329,-73.94608611505,03/31/2025 09:17:00 AM
49,40.71173348602,-73.95090393821,03/31/2025 08:53:00 AM
50,40.77336812904,-73.90810382745,03/31/2025 08:41:00 AM
51,40.73514299956,-74.00193768616,03/31/2025 08:08:00 AM
52,40.7343523111,-73.95588478426,03/31/2025 08:02:00 AM
53,40.84416437153,-73.93957305356,03/31/2025 07:59:00 AM
54,40.72321688399,-74.00622690469,03/31/2025 07:56:00 AM
55,40.70645092359,-74.01611879382,03/31/2025 07:47:00 AM
56,40.7025120069,-73.91863897173,03/31/2025 07:44:00 AM
57,40.7655019864,-73.98746608377,03/31/2025 07:38:00 AM
58,40.73434137902,-73.95600747407,03/31/2025 07:35:00 AM
59,40.73437152161,-73.95587755491,03/31/2025 07:26:00 AM
60,40.78407520956,-73.97023808874,03/31/2025 07:26:00 AM
61,40.84416437153,-73.93957305356,03/31/2025 07:23:00 AM
62,40.75540746508,-73.99710161018,03/31/2025 07:05:00 AM
63,40.7329221726,-73.99118508469,03/31/2025 07:02:00 AM
64,40.72270006208,-73.98501008781,03/31/2025 06:59:00 AM
65,40.73298255636,-73.99117425199,03/31/2025 06:50:00 AM
66,40.70739845998,-74.01110549821,03/31/2025 06:47:00 AM
67,40.74504748375,-73.98242831179,03/31/2025 06:29:00 AM
68,40.79215609705,-73.97181267743,03/31/2025 06:14:00 AM
69,40.79213963132,-73.97182351873,03/31/2025 04:47:00 AM
70,40.79212864002,-73.97177296318,03/31/2025 04:35:00 AM
71,40.86206643516,-73.92722881333,03/31/2025 03:41:00 AM
72,40.79213963132,-73.97182351873,03/31/2025 03:29:00 AM
73,40.79215609705,-73.97181267743,03/31/2025 02:47:00 AM
74,40.79215609705,-73.97181267743,03/31/2025 02:38:00 AM
75,40.72567749223,-73.98075938061,03/31/2025 02:38:00 AM
76,40.78062469233,-73.94640461345,03/31/2025 02:17:00 AM
77,40.73664386509,-73.98894375393,03/31/2025 02:14:00 AM
78,40.73725070917,-73.95572409263,03/31/2025 02:02:00 AM
79,40.73747328062,-73.95636986279,03/31/2025 01:44:00 AM
80,40.73747328062,-73.95636986279,03/31/2025 01:35:00 AM
81,40.73650157664,-73.9562081198,03/31/2025 01:32:00 AM
82,40.76838617062,-73.95332430069,03/31/2025 01:20:00 AM
83,40.76841362679,-73.95334594239,03/31/2025 01:17:00 AM
84,40.70873554203,-74.0059442118,03/31/2025 01:08:00 AM
85,40.70877397241,-74.00587207669,03/31/2025 01:08:00 AM
86,40.70883713537,-74.00517594474,03/31/2025 01:05:00 AM
87,40.70873554203,-74.0059442118,03/31/2025 01:05:00 AM
88,40.71323996251,-73.94997939332,03/30/2025 10:02:00 PM
89,40.70631454319,-74.00789527128,03/30/2025 08:59:00 PM
90,40.71907173263,-73.98699862758,03/30/2025 08:41:00 PM
91,40.7192611104,-73.98690479578,03/30/2025 08:26:00 PM
92,40.73292992881,-73.98629592618,03/30/2025 08:17:00 PM
93,40.73148335323,-73.98556015986,03/30/2025 07:47:00 PM
94,40.69840141527,-73.99257088699,03/30/2025 07:26:00 PM
95,40.80257325743,-73.95700263841,03/30/2025 04:26:00 PM
96,40.75892856929,-73.93270903529,03/30/2025 03:38:00 PM
97,40.78131176495,-73.9722541817,03/30/2025 03:35:00 PM
98,40.71951629991,-73.9618902835,03/30/2025 03:11:00 PM
99,40.79411951444,-73.93385444218,03/30/2025 02:35:00 PM
100,40.79420456371,-73.93378934967,03/30/2025 02:32:00 PM
101,40.72630700721,-73.98784145893,03/30/2025 01:59:00 PM
102,40.81358554296,-73.93964416904,03/30/2025 01:50:00 PM
103,40.75121898488,-74.00278632162,03/30/2025 01:29:00 PM
104,40.71021905609,-73.96853248852,03/30/2025 01:23:00 PM
105,40.72422869382,-73.94142796067,03/30/2025 01:08:00 PM
106,40.70722034439,-74.0074589506,03/30/2025 12:35:00 PM
107,40.82680471929,-73.93569726673,03/30/2025 12:26:00 PM
108,40.76514203093,-73.98425326981,03/30/2025 12:11:00 PM
109,40.70710994875,-74.01396206482,03/30/2025 11:53:00 AM
110,40.7628993944,-73.9268606618,03/30/2025 11:53:00 AM
111,40.76311469355,-73.99663560162,03/30/2025 10:44:00 AM
112,40.79443986246,-73.96268166565,03/30/2025 10:41:00 AM
113,40.72252129656,-73.94111920149,03/30/2025 10:32:00 AM
114,40.80739317305,-73.95059857971,03/30/2025 10:26:00 AM
115,40.70409040403,-73.91886065918,03/30/2025 10:20:00 AM
116,40.86141099051,-73.91222280833,03/30/2025 09:38:00 AM
117,40.74192490554,-73.99048741034,03/30/2025 09:32:00 AM
118,40.78871793125,-73.97616569879,03/30/2025 09:11:00 AM
119,40.73083008748,-73.98544844968,03/30/2025 09:02:00 AM
120,40.79616649744,-73.96330551527,03/30/2025 08:23:00 AM
121,40.74530400403,-74.00434151205,03/30/2025 08:23:00 AM
122,40.75592345871,-73.99644105292,03/30/2025 07:38:00 AM
123,40.73968404145,-73.98116671624,03/30/2025 02:08:00 AM
124,40.78062469233,-73.94640461345,03/30/2025 02:08:00 AM
125,40.78855891926,-73.97706495677,03/30/2025 01:17:00 AM
126,40.85899780184,-73.92291215621,03/30/2025 12:44:00 AM
127,40.75304146206,-74.003970256,03/30/2025 12:26:00 AM
128,40.74709904004,-73.99492574363,03/30/2025 12:17:00 AM
129,40.70800542341,-74.00616416668,03/30/2025 12:11:00 AM
130,40.70822772895,-74.00653209075,03/30/2025 12:02:00 AM
131,40.71250495848,-73.95136147537,03/29/2025 11:35:00 PM
132,40.70009608327,-73.93038815562,03/29/2025 10:17:00 PM
133,40.72076560165,-73.99062751832,03/29/2025 09:41:00 PM
134,40.74560974993,-73.97993439901,03/29/2025 09:23:00 PM
135,40.7455368698,-73.92377605312,03/29/2025 08:56:00 PM
136,40.76376685219,-73.98379874691,03/29/2025 07:50:00 PM
137,40.8318335968,-73.94766064534,03/29/2025 07:47:00 PM
138,40.73453367534,-74.00109692962,03/29/2025 07:38:00 PM
139,40.74051175142,-74.00018764953,03/29/2025 07:23:00 PM
140,40.77646086456,-73.94627076214,03/29/2025 06:59:00 PM
141,40.74246306239,-73.94923931177,03/29/2025 06:50:00 PM
142,40.800771133,-73.96920484098,03/29/2025 06:32:00 PM
143,40.800771133,-73.96920484098,03/29/2025 06:23:00 PM
144,40.800771133,-73.96920484098,03/29/2025 06:20:00 PM
145,40.69929911891,-73.99584901737,03/29/2025 06:14:00 PM
146,40.77246630339,-73.95705096029,03/29/2025 06:05:00 PM
147,40.72071491298,-73.95225737717,03/29/2025 05:35:00 PM
148,40.76966428586,-73.92545968523,03/29/2025 05:26:00 PM
149,40.76684139272,-73.98721673676,03/29/2025 05:23:00 PM
150,40.77702844615,-73.97786326538,03/29/2025 04:56:00 PM
151,40.71543034606,-73.93875187032,03/29/2025 04:02:00 PM
152,40.78291527231,-73.97478839562,03/29/2025 03:59:00 PM
153,40.76678922896,-73.98709400444,03/29/2025 03:20:00 PM
154,40.75129722785,-73.94099631774,03/29/2025 03:11:00 PM
155,40.74801922577,-73.97768523411,03/29/2025 02:47:00 PM
156,40.71236629647,-73.94233295077,03/29/2025 02:14:00 PM
157,40.85472008083,-73.93876458338,03/29/2025 02:02:00 PM
158,40.69929911891,-73.99584901737,03/29/2025 01:41:00 PM
159,40.74249044937,-73.94910215831,03/29/2025 01:23:00 PM
160,40.75843972684,-73.91944418506,03/29/2025 01:02:00 PM
161,40.7819912538,-73.97962734213,03/29/2025 12:17:00 PM
162,40.71076381718,-74.00770823249,03/29/2025 12:14:00 PM
163,40.73553129126,-73.95993620943,03/29/2025 12:08:00 PM
164,40.70186662669,-73.91813123518,03/29/2025 11:23:00 AM
165,40.76514203093,-73.98425326981,03/29/2025 11:17:00 AM
166,40.852295111,-73.94135856323,03/29/2025 11:14:00 AM
167,40.76849043077,-73.91122973863,03/29/2025 11:14:00 AM
168,40.74849306692,-73.97301132022,03/29/2025 11:14:00 AM
169,40.76463858053,-73.96611337875,03/29/2025 11:02:00 AM
170,40.76228850023,-73.99584509173,03/29/2025 10:56:00 AM
171,40.75898052392,-73.96243441859,03/29/2025 10:50:00 AM
172,40.82628653429,-73.94193793228,03/29/2025 10:44:00 AM
173,40.70186662669,-73.91813123518,03/29/2025 10:41:00 AM
174,40.77444117931,-73.95360528488,03/29/2025 10:41:00 AM
175,40.77432355463,-73.98723696333,03/29/2025 10:38:00 AM
176,40.74849306692,-73.97301132022,03/29/2025 10:32:00 AM
177,40.71845995748,-73.95533975595,03/29/2025 10:29:00 AM
178,40.73553176409,-73.98477265673,03/29/2025 10:23:00 AM
179,40.73617433022,-73.98718653618,03/29/2025 10:05:00 AM
180,40.76906903818,-73.92601993146,03/29/2025 10:02:00 AM
181,40.7703109196,-73.92374047727,03/29/2025 09:56:00 AM
182,40.71671931272,-73.98564632768,03/29/2025 09:53:00 AM
183,40.76020519665,-73.99477674699,03/29/2025 09:41:00 AM
184,40.76092705262,-73.99452761756,03/29/2025 09:38:00 AM
185,40.78643438173,-73.95049857445,03/29/2025 09:32:00 AM
186,40.73290312534,-73.95600120715,03/29/2025 09:17:00 AM
187,40.73101953301,-73.98591024906,03/29/2025 09:02:00 AM
188,40.78643438173,-73.95049857445,03/29/2025 08:59:00 AM
189,40.77093006748,-73.95930477421,03/29/2025 08:59:00 AM
190,40.78345727299,-73.95270709225,03/29/2025 08:56:00 AM
191,40.76449629815,-73.97966518306,03/29/2025 08:53:00 AM
192,40.76690595185,-73.93472261775,03/29/2025 08:50:00 AM
193,40.76948307212,-73.95786518259,03/29/2025 08:47:00 AM
194,40.7381237927,-74.00238883729,03/29/2025 08:44:00 AM
195,40.7863767718,-73.95056722878,03/29/2025 08:44:00 AM
196,40.76281748018,-73.9618402385,03/29/2025 08:44:00 AM
197,40.76457333095,-73.98071204465,03/29/2025 08:41:00 AM
198,40.78643438173,-73.95049857445,03/29/2025 08:38:00 AM
199,40.70731657357,-74.00427050786,03/29/2025 08:38:00 AM
200,40.78628128658,-73.95193952759,03/29/2025 08:35:00 AM
201,40.7554294243,-73.99715214156,03/29/2025 08:32:00 AM
202,40.73101953301,-73.98591024906,03/29/2025 08:29:00 AM
203,40.77432355463,-73.98723696333,03/29/2025 08:29:00 AM
204,40.75759312411,-73.97886235629,03/29/2025 08:26:00 AM
205,40.75964576843,-73.92949208351,03/29/2025 08:23:00 AM
206,40.71231139763,-73.94232578403,03/29/2025 07:56:00 AM
207,40.75388523916,-73.96809678359,03/29/2025 07:50:00 AM
208,40.75471966284,-73.96817218167,03/29/2025 07:35:00 AM
209,40.76391015926,-73.98865404459,03/29/2025 05:05:00 AM
210,40.73185448671,-74.00850086276,03/29/2025 03:05:00 AM
211,40.71937160461,-73.96431460662,03/29/2025 02:38:00 AM
212,40.73820273574,-73.98748926176,03/29/2025 02:23:00 AM
213,40.73185448671,-74.00850086276,03/29/2025 01:35:00 AM
214,40.77793919177,-73.95673330175,03/29/2025 01:14:00 AM
215,40.73074521032,-73.98722005318,03/29/2025 12:44:00 AM
216,40.70727760997,-74.01190980468,03/28/2025 11:56:00 PM
217,40.75874358156,-73.96861785337,03/28/2025 11:53:00 PM
218,40.71937160461,-73.96431460662,03/28/2025 11:44:00 PM
219,40.86080598705,-73.93066099198,03/28/2025 11:23:00 PM
220,40.79332600331,-73.97461471218,03/28/2025 10:35:00 PM
221,40.76311413396,-73.96251511419,03/28/2025 10:35:00 PM
222,40.75203145898,-73.99895692129,03/28/2025 10:05:00 PM
223,40.74560974993,-73.97993439901,03/28/2025 09:53:00 PM
224,40.74633494106,-73.98357923057,03/28/2025 09:47:00 PM
225,40.757988927,-73.96917408608,03/28/2025 09:05:00 PM
226,40.74633494106,-73.98357923057,03/28/2025 09:05:00 PM
227,40.74633494106,-73.98357923057,03/28/2025 08:56:00 PM
228,40.79303236159,-73.97481706769,03/28/2025 08:47:00 PM
229,40.85064344517,-73.93736586359,03/28/2025 08:38:00 PM
230,40.77933566883,-73.95517977214,03/28/2025 08:29:00 PM
231,40.8021358037,-73.94782847605,03/28/2025 08:05:00 PM
232,40.73112986609,-74.00857293305,03/28/2025 07:29:00 PM
233,40.70009608327,-73.93038815562,03/28/2025 07:14:00 PM
234,40.76792582213,-73.98979055153,03/28/2025 07:05:00 PM
235,40.74607671306,-73.98209240831,03/28/2025 06:59:00 PM
236,40.74632669753,-73.98351427132,03/28/2025 06:44:00 PM
237,40.77283233208,-73.94629535208,03/28/2025 06:41:00 PM
238,40.82341385899,-73.95002303598,03/28/2025 06:29:00 PM
239,40.74067916647,-73.99814515188,03/28/2025 06:26:00 PM
240,40.7806421651,-73.97273831059,03/28/2025 06:24:00 PM
241,40.76007713703,-73.9302207875,03/28/2025 06:24:00 PM
242,40.7981661443,-73.96831032699,03/28/2025 05:14:00 PM
243,40.77679851485,-73.98140896222,03/28/2025 04:53:00 PM
244,40.79416341145,-73.93382189458,03/28/2025 04:50:00 PM
245,40.73559564536,-74.00766058783,03/28/2025 03:38:00 PM
246,40.79422307722,-73.94273154698,03/28/2025 03:35:00 PM
247,40.74607781498,-73.91620386157,03/28/2025 03:32:00 PM
248,40.72625704695,-73.98340017635,03/28/2025 03:26:00 PM
249,40.74517467647,-73.9553868079,03/28/2025 03:17:00 PM
250,40.74517467647,-73.9553868079,03/28/2025 03:14:00 PM
251,40.73539827715,-74.00042217905,03/28/2025 03:08:00 PM
252,40.78673497158,-73.9706882936,03/28/2025 03:02:00 PM
253,40.72625704695,-73.98340017635,03/28/2025 02:59:00 PM
254,40.77345685197,-73.96419897382,03/28/2025 02:17:00 PM
255,40.76514203093,-73.98425326981,03/28/2025 01:26:00 PM
256,40.74023177676,-73.998469941,03/28/2025 01:20:00 PM
257,40.75815989713,-73.96259370386,03/28/2025 12:47:00 PM
258,40.82760641145,-73.91868113475,03/28/2025 12:08:00 PM
259,40.80018612224,-73.95913880158,03/28/2025 12:05:00 PM
260,40.74433793095,-73.99916635516,03/28/2025 11:32:00 AM
261,40.74604791255,-74.00029954241,03/28/2025 11:29:00 AM
262,40.70710994875,-74.01396206482,03/28/2025 11:08:00 AM
263,40.73514299956,-74.00193768616,03/28/2025 10:26:00 AM
264,40.77062718249,-73.95666223643,03/28/2025 10:05:00 AM
265,40.76714647848,-73.99183037075,03/28/2025 09:47:00 AM
266,40.70645092359,-74.01611879382,03/28/2025 09:23:00 AM
267,40.73193713547,-74.00132781043,03/28/2025 09:20:00 AM
268,40.74472484457,-74.00477814795,03/28/2025 09:08:00 AM
269,40.83506065329,-73.94608611505,03/28/2025 09:02:00 AM
270,40.83143629486,-73.91625174311,03/28/2025 08:41:00 AM
271,40.74412921848,-74.00513538048,03/28/2025 08:41:00 AM
272,40.74412921848,-74.00513538048,03/28/2025 08:32:00 AM
273,40.75960533196,-73.98062685096,03/28/2025 08:17:00 AM
274,40.82995778241,-73.94513267324,03/28/2025 07:56:00 AM
275,40.73425312405,-73.95491421551,03/28/2025 07:32:00 AM
276,40.70703034402,-74.01401615063,03/28/2025 07:23:00 AM
277,40.71946769008,-73.9977489166,03/28/2025 06:59:00 AM
278,40.73058652264,-74.00680489053,03/28/2025 06:47:00 AM
279,40.73058652264,-74.00680489053,03/28/2025 06:44:00 AM
280,40.77184564117,-73.94942270519,03/28/2025 04:53:00 AM
281,40.79278937465,-73.94084397658,03/28/2025 03:17:00 AM
282,40.7216157834,-73.9842671616,03/28/2025 02:47:00 AM
283,40.7216542355,-73.98445474897,03/28/2025 02:20:00 AM
284,40.7615236415,-73.95875100496,03/28/2025 02:08:00 AM
285,40.72390346215,-73.97588943614,03/28/2025 12:44:00 AM
286,40.79364615534,-73.94167747773,03/28/2025 12:38:00 AM
287,40.71584678077,-74.01168407538,03/28/2025 12:23:00 AM
288,40.82051005182,-73.94426250788,03/28/2025 12:17:00 AM
289,40.7639090183,-73.98021045917,03/28/2025 12:11:00 AM
290,40.76237178185,-73.91403551257,03/28/2025 12:02:00 AM
291,40.82051005182,-73.94426250788,03/27/2025 11:59:00 PM
292,40.7949948091,-73.9746610266,03/27/2025 10:53:00 PM
293,40.75953262587,-73.96370832274,03/27/2025 10:50:00 PM
294,40.75054379913,-73.9983650377,03/27/2025 10:41:00 PM
295,40.75148798049,-73.99768286826,03/27/2025 10:29:00 PM
296,40.70077374419,-73.91747980159,03/27/2025 10:20:00 PM
297,40.76243993813,-73.97676711494,03/27/2025 09:50:00 PM
298,40.78034626653,-73.91665541676,03/27/2025 09:44:00 PM
299,40.74632395795,-73.9835503616,03/27/2025 09:41:00 PM
300,40.76243993813,-73.97676711494,03/27/2025 09:41:00 PM
301,40.77233267381,-73.9804859544,03/27/2025 09:35:00 PM
302,40.74295430099,-74.0080150941,03/27/2025 08:59:00 PM
303,40.82850228305,-73.94938325255,03/27/2025 08:44:00 PM
304,40.75220546996,-73.93537947478,03/27/2025 08:32:00 PM
305,40.80191598908,-73.94730852403,03/27/2025 08:05:00 PM
306,40.75953262587,-73.96370832274,03/27/2025 08:05:00 PM
307,40.75154420817,-73.93577713302,03/27/2025 08:02:00 PM
308,40.78935498178,-73.97752331667,03/27/2025 07:44:00 PM
309,40.79724933044,-73.96803988437,03/27/2025 07:41:00 PM
310,40.73147579161,-73.99267905242,03/27/2025 07:26:00 PM
311,40.751511239,-73.93571941694,03/27/2025 06:32:00 PM
312,40.70619877247,-73.9194135384,03/27/2025 06:32:00 PM
313,40.77690784924,-73.95154190356,03/27/2025 05:47:00 PM
314,40.71339296532,-73.94838490615,03/27/2025 05:02:00 PM
315,40.69923324568,-73.99588147917,03/27/2025 04:53:00 PM
316,40.73643704172,-73.98142744056,03/27/2025 04:23:00 PM
317,40.71070267406,-73.98470258113,03/27/2025 03:56:00 PM
318,40.72682360901,-73.99646064652,03/27/2025 03:53:00 PM
319,40.80754662512,-73.9568043625,03/27/2025 03:17:00 PM
320,40.86215429966,-73.92728294588,03/27/2025 03:11:00 PM
321,40.7770947967,-73.95943821061,03/27/2025 03:02:00 PM
322,40.77097532958,-73.95552115632,03/27/2025 02:56:00 PM
323,40.73024223976,-73.98211109591,03/27/2025 02:50:00 PM
324,40.75097105724,-73.97088809985,03/27/2025 02:35:00 PM
325,40.74365998021,-73.99966077135,03/27/2025 02:02:00 PM
326,40.77071433683,-73.98830629835,03/27/2025 01:14:00 PM
327,40.72745457115,-73.99056885056,03/27/2025 12:11:00 PM
328,40.73453367534,-74.00109692962,03/27/2025 12:08:00 PM
329,40.85788930871,-73.93224017919,03/27/2025 12:05:00 PM
330,40.77421945879,-73.9892371845,03/27/2025 11:14:00 AM
331,40.76904078953,-73.95684016812,03/27/2025 11:02:00 AM
332,40.77001098242,-73.98272859585,03/27/2025 10:59:00 AM
333,40.70573014281,-73.93342998707,03/27/2025 10:32:00 AM
334,40.70727760997,-74.01190980468,03/27/2025 10:05:00 AM
335,40.80670408686,-73.91316550312,03/27/2025 09:50:00 AM
336,40.81795266444,-73.94016407083,03/27/2025 09:23:00 AM
337,40.70009608327,-73.93038815562,03/27/2025 08:59:00 AM
338,40.76483790677,-73.96274518167,03/27/2025 08:47:00 AM
339,40.83672477909,-73.91929157421,03/27/2025 08:44:00 AM
340,40.80203052948,-73.95900041413,03/27/2025 08:20:00 AM
341,40.78555722222,-73.95326531911,03/27/2025 08:08:00 AM
342,40.82886641474,-73.91512035806,03/27/2025 07:23:00 AM
343,40.72599944024,-73.98645970502,03/27/2025 07:02:00 AM
344,40.76545788191,-73.98583798362,03/27/2025 06:56:00 AM
345,40.72270006208,-73.98501008781,03/27/2025 06:56:00 AM
346,40.77093006748,-73.95930477421,03/27/2025 06:35:00 AM
347,40.75464825246,-73.96800257347,03/27/2025 06:29:00 AM
348,40.75246238682,-74.0007002027,03/27/2025 05:23:00 AM
349,40.72082632113,-73.9967207107,03/27/2025 05:02:00 AM
350,40.73206057336,-74.00439116382,03/27/2025 04:53:00 AM
351,40.75473338358,-73.96816134687,03/27/2025 03:26:00 AM
352,40.75469545404,-73.97001299411,03/27/2025 03:05:00 AM
353,40.74754794905,-73.98242043421,03/27/2025 02:44:00 AM
354,40.78407520956,-73.97023808874,03/27/2025 02:29:00 AM
355,40.80379486053,-73.96579725445,03/27/2025 02:29:00 AM
356,40.75457684283,-73.96783657505,03/27/2025 02:14:00 AM
357,40.75466197318,-73.96799173865,03/27/2025 02:11:00 AM
358,40.73185448671,-74.00850086276,03/27/2025 02:08:00 AM
359,40.75487620955,-73.96852222093,03/27/2025 02:08:00 AM
360,40.75487620955,-73.96852222093,03/27/2025 02:05:00 AM
361,40.75487620955,-73.96852222093,03/27/2025 01:53:00 AM
362,40.75405277793,-73.96849373501,03/27/2025 01:53:00 AM
363,40.75471966284,-73.96817218167,03/27/2025 01:50:00 AM
364,40.75466197318,-73.96799173865,03/27/2025 01:50:00 AM
365,40.75487620955,-73.96852222093,03/27/2025 01:50:00 AM
366,40.75470593014,-73.9681397035,03/27/2025 01:50:00 AM
367,40.75487620955,-73.96852222093,03/27/2025 01:47:00 AM
368,40.75471966284,-73.96817218167,03/27/2025 01:44:00 AM
369,40.79301681984,-73.9401323106,03/27/2025 01:14:00 AM
370,40.77119254373,-73.92459511088,03/27/2025 12:59:00 AM
371,40.75725083328,-73.98381476999,03/27/2025 12:50:00 AM
372,40.77106589509,-73.99086955,03/27/2025 12:35:00 AM
373,40.82763130449,-73.94736404113,03/27/2025 12:05:00 AM
374,40.76387923779,-73.96048230352,03/26/2025 11:38:00 PM
375,40.71523725933,-74.0133793885,03/26/2025 11:35:00 PM
376,40.70743666625,-74.01319387326,03/26/2025 11:23:00 PM
377,40.75432057267,-73.9985165395,03/26/2025 11:23:00 PM
378,40.75759312411,-73.97886235629,03/26/2025 10:56:00 PM
379,40.77066528384,-73.91625596043,03/26/2025 10:50:00 PM
380,40.77066528384,-73.91625596043,03/26/2025 10:38:00 PM
381,40.78793033015,-73.97683766675,03/26/2025 10:08:00 PM
382,40.85088492404,-73.93726442646,03/26/2025 09:56:00 PM
383,40.74632669753,-73.98351427132,03/26/2025 09:44:00 PM
384,40.75632967724,-73.97458549743,03/26/2025 09:38:00 PM
385,40.7044725551,-73.94273290899,03/26/2025 09:38:00 PM
386,40.74832743104,-73.98224699324,03/26/2025 09:26:00 PM
387,40.77068333087,-73.95286418507,03/26/2025 09:20:00 PM
388,40.74632395795,-73.9835503616,03/26/2025 09:14:00 PM
389,40.71358699881,-73.94653426855,03/26/2025 08:50:00 PM
390,40.71358699881,-73.94653426855,03/26/2025 08:47:00 PM
391,40.81309963971,-73.95799652275,03/26/2025 08:26:00 PM
392,40.74647771285,-73.98389678457,03/26/2025 08:26:00 PM
393,40.74607671306,-73.98209240831,03/26/2025 07:56:00 PM
394,40.7264685466,-73.98450052844,03/26/2025 07:53:00 PM
395,40.72277453602,-73.98814514888,03/26/2025 07:47:00 PM
396,40.7874902146,-73.972479112,03/26/2025 07:35:00 PM
397,40.84754855266,-73.91362543669,03/26/2025 07:26:00 PM
398,40.84754855266,-73.91362543669,03/26/2025 07:23:00 PM
399,40.74818876047,-73.99639093928,03/26/2025 06:41:00 PM
400,40.76404694227,-73.97057554123,03/26/2025 06:35:00 PM
401,40.71968115034,-73.96239163415,03/26/2025 06:32:00 PM
402,40.76404694227,-73.97057554123,03/26/2025 06:29:00 PM
403,40.86064137029,-73.93076961854,03/26/2025 05:59:00 PM
404,40.824481486,-73.94986686656,03/26/2025 05:53:00 PM
405,40.71292394248,-73.96361466399,03/26/2025 05:32:00 PM
406,40.70563553928,-73.92260259368,03/26/2025 05:23:00 PM
407,40.77097532958,-73.95552115632,03/26/2025 05:17:00 PM
408,40.72066984183,-73.99585129391,03/26/2025 04:26:00 PM
409,40.7804706779,-73.95192566749,03/26/2025 04:23:00 PM
410,40.73517044739,-74.00191964518,03/26/2025 04:17:00 PM
411,40.7778011908,-73.95474391437,03/26/2025 04:08:00 PM
412,40.82680471929,-73.93569726673,03/26/2025 03:53:00 PM
413,40.74515533117,-73.97250020903,03/26/2025 03:53:00 PM
414,40.82051005182,-73.94426250788,03/26/2025 03:50:00 PM
415,40.79416341145,-73.93382189458,03/26/2025 03:47:00 PM
416,40.79416341145,-73.93382189458,03/26/2025 03:41:00 PM
417,40.78715062235,-73.97584486547,03/26/2025 03:32:00 PM
418,40.77584182005,-73.94905861401,03/26/2025 02:53:00 PM
419,40.76446496023,-73.96380671352,03/26/2025 02:50:00 PM
420,40.77584182005,-73.94905861401,03/26/2025 02:44:00 PM
421,40.76446496023,-73.96380671352,03/26/2025 02:44:00 PM
422,40.75096007277,-73.97086644938,03/26/2025 02:32:00 PM
423,40.82546492342,-73.94563862002,03/26/2025 02:29:00 PM
424,40.74607781498,-73.91620386157,03/26/2025 02:11:00 PM
425,40.76634591768,-73.97784154572,03/26/2025 01:08:00 PM
426,40.77584182005,-73.94905861401,03/26/2025 12:38:00 PM
427,40.72632633584,-73.94271412929,03/26/2025 12:23:00 PM
428,40.79411951444,-73.93385444218,03/26/2025 12:02:00 PM
429,40.8056394306,-73.96618642163,03/26/2025 11:11:00 AM
430,40.71598690031,-74.01024838775,03/26/2025 11:05:00 AM
431,40.82734220899,-73.93990630572,03/26/2025 10:02:00 AM
432,40.75266090923,-73.97937644239,03/26/2025 10:02:00 AM
433,40.70009608327,-73.93038815562,03/26/2025 09:29:00 AM
434,40.7508941714,-73.97075820198,03/26/2025 09:20:00 AM
435,40.72341695283,-74.01036858506,03/26/2025 09:17:00 AM
436,40.75266090923,-73.97937644239,03/26/2025 09:14:00 AM
437,40.73407801417,-74.00292993671,03/26/2025 09:11:00 AM
438,40.71292960175,-73.96415573368,03/26/2025 08:59:00 AM
439,40.74706935173,-73.93914503578,03/26/2025 08:47:00 AM
440,40.81834968082,-73.92040494512,03/26/2025 08:41:00 AM
441,40.80651444921,-73.96436541643,03/26/2025 08:26:00 AM
442,40.77943759121,-73.94943499242,03/26/2025 08:20:00 AM
443,40.80658048463,-73.93864993405,03/26/2025 08:08:00 AM
444,40.70009608327,-73.93038815562,03/26/2025 07:59:00 AM
445,40.82336570011,-73.95298584578,03/26/2025 07:47:00 AM
446,40.79803731249,-73.96002861443,03/26/2025 07:32:00 AM
447,40.76916251436,-73.92626171093,03/26/2025 07:29:00 AM
448,40.76678113958,-73.92367592766,03/26/2025 07:26:00 AM
449,40.80854558837,-73.91288856314,03/26/2025 06:47:00 AM
450,40.81831832801,-73.91493510413,03/26/2025 06:44:00 AM
451,40.82374046923,-73.94999749856,03/26/2025 06:23:00 AM
452,40.858345286,-73.93285065629,03/26/2025 04:02:00 AM
453,40.72249835179,-73.97689287663,03/26/2025 03:56:00 AM
454,40.72192991428,-73.97557267789,03/26/2025 03:56:00 AM
455,40.72192991428,-73.97557267789,03/26/2025 03:53:00 AM
456,40.71651951145,-73.95559717776,03/26/2025 03:20:00 AM
457,40.75205890699,-74.00098172155,03/26/2025 02:50:00 AM
458,40.72050518757,-73.99683616847,03/26/2025 02:47:00 AM
459,40.71823228798,-73.99193737477,03/26/2025 01:47:00 AM
460,40.71822679719,-73.99191933825,03/26/2025 01:41:00 AM
461,40.76922627408,-73.98476495263,03/26/2025 01:41:00 AM
462,40.71880592191,-73.99164510034,03/26/2025 01:14:00 AM
463,40.7174005254,-73.99061356195,03/26/2025 01:08:00 AM
464,40.72862723803,-73.97612585512,03/26/2025 12:59:00 AM
465,40.75378235735,-73.97371300321,03/26/2025 12:56:00 AM
466,40.70727760997,-74.01190980468,03/26/2025 12:56:00 AM
467,40.76906903818,-73.92601993146,03/26/2025 12:44:00 AM
468,40.74829528465,-73.98846542346,03/26/2025 12:29:00 AM
469,40.81116168292,-73.90980369588,03/26/2025 12:23:00 AM
470,40.71190542074,-73.96294069293,03/26/2025 12:08:00 AM
471,40.71282229819,-73.96333696923,03/26/2025 12:08:00 AM
472,40.76914877218,-73.92623284457,03/26/2025 12:05:00 AM
473,40.70727760997,-74.01190980468,03/25/2025 11:59:00 PM
474,40.71220968675,-73.96171049824,03/25/2025 11:59:00 PM
475,40.7127179073,-73.96305566969,03/25/2025 11:56:00 PM
476,40.71282229819,-73.96333696923,03/25/2025 11:56:00 PM
477,40.73129988494,-74.0104600153,03/25/2025 11:53:00 PM
478,40.74691332063,-73.97889822576,03/25/2025 11:50:00 PM
479,40.75797293016,-73.98553636939,03/25/2025 11:44:00 PM
480,40.71300361217,-73.96384187132,03/25/2025 11:44:00 PM
481,40.71292960175,-73.96415573368,03/25/2025 11:41:00 PM
482,40.70070980522,-73.99324143697,03/25/2025 11:38:00 PM
483,40.71284152874,-73.96339106586,03/25/2025 11:35:00 PM
484,40.70070980522,-73.99324143697,03/25/2025 11:32:00 PM
485,40.82051005182,-73.94426250788,03/25/2025 11:32:00 PM
486,40.81096413647,-73.90989788773,03/25/2025 11:20:00 PM
487,40.76623962966,-73.96023181027,03/25/2025 11:20:00 PM
488,40.77500782118,-73.95675686943,03/25/2025 11:05:00 PM
489,40.82051005182,-73.94426250788,03/25/2025 11:02:00 PM
490,40.76914877218,-73.92623284457,03/25/2025 10:56:00 PM
491,40.77500782118,-73.95675686943,03/25/2025 10:53:00 PM
492,40.70951987054,-73.9543249739,03/25/2025 10:50:00 PM
493,40.73788618552,-73.98090380372,03/25/2025 10:41:00 PM
494,40.76861828975,-73.92507456786,03/25/2025 10:41:00 PM
495,40.70978366157,-73.95507143839,03/25/2025 10:32:00 PM
496,40.71292394248,-73.96361466399,03/25/2025 10:29:00 PM
497,40.70446129444,-73.91552762159,03/25/2025 10:29:00 PM
498,40.77992496625,-73.98267186264,03/25/2025 10:20:00 PM
499,40.71981855795,-73.94862524158,03/25/2025 10:17:00 PM
500,40.77324400237,-73.9263546729,03/25/2025 10:11:00 PM
501,40.80011875579,-73.96283740454,03/25/2025 09:35:00 PM
502,40.77068333087,-73.95286418507,03/25/2025 09:29:00 PM
503,40.78261761976,-73.98313336054,03/25/2025 08:59:00 PM
504,40.78757083224,-73.97714835464,03/25/2025 08:53:00 PM
505,40.7182871814,-73.99191211604,03/25/2025 08:53:00 PM
506,40.78715062235,-73.97584486547,03/25/2025 08:20:00 PM
507,40.73114226827,-73.95947700661,03/25/2025 08:08:00 PM
508,40.71292394248,-73.96361466399,03/25/2025 08:05:00 PM
509,40.74286672805,-74.00213639328,03/25/2025 07:59:00 PM
510,40.82051005182,-73.94426250788,03/25/2025 07:47:00 PM
511,40.80668082307,-73.92713042937,03/25/2025 07:26:00 PM
512,40.70134268573,-73.98231360301,03/25/2025 07:20:00 PM
513,40.76234888817,-73.99594616315,03/25/2025 07:20:00 PM
514,40.71252561082,-73.96255077807,03/25/2025 07:05:00 PM
515,40.71292394248,-73.96361466399,03/25/2025 06:50:00 PM
516,40.75529211028,-73.99492151006,03/25/2025 06:44:00 PM
517,40.76406891402,-73.97062968034,03/25/2025 06:26:00 PM
518,40.7744949329,-73.95777535977,03/25/2025 06:11:00 PM
519,40.71273989891,-73.96316026461,03/25/2025 06:05:00 PM
520,40.77046422238,-73.91164950921,03/25/2025 06:02:00 PM
521,40.76676337235,-73.91043421531,03/25/2025 05:53:00 PM
522,40.70009608327,-73.93038815562,03/25/2025 05:35:00 PM
523,40.80215606992,-73.95703180379,03/25/2025 05:05:00 PM
524,40.7961275279,-73.94768149502,03/25/2025 04:08:00 PM
525,40.72082573883,-73.98796511658,03/25/2025 03:59:00 PM
526,40.79455899221,-73.96627150429,03/25/2025 03:59:00 PM
527,40.75818226802,-73.93317181845,03/25/2025 03:44:00 PM
528,40.75097105724,-73.97088809985,03/25/2025 03:35:00 PM
529,40.78234360072,-73.95441945578,03/25/2025 03:26:00 PM
530,40.74533475365,-73.91352698658,03/25/2025 03:11:00 PM
531,40.75266090923,-73.97937644239,03/25/2025 02:05:00 PM
532,40.75266090923,-73.97937644239,03/25/2025 01:56:00 PM
533,40.77701880523,-73.98652154333,03/25/2025 01:56:00 PM
534,40.77246630339,-73.95705096029,03/25/2025 01:50:00 PM
535,40.77256245245,-73.95727474197,03/25/2025 01:44:00 PM
536,40.77601705806,-73.98724024932,03/25/2025 01:41:00 PM
537,40.74234524343,-74.00064957395,03/25/2025 01:20:00 PM
538,40.7744130315,-73.97959716619,03/25/2025 01:11:00 PM
539,40.86082012988,-73.92689396586,03/25/2025 12:44:00 PM
540,40.81814147188,-73.94449571441,03/25/2025 12:11:00 PM
541,40.81813322729,-73.94447404416,03/25/2025 12:11:00 PM
542,40.79404225958,-73.97408354169,03/25/2025 11:14:00 AM
543,40.77584182005,-73.94905861401,03/25/2025 11:05:00 AM
544,40.76060052052,-73.96431417612,03/25/2025 11:02:00 AM
545,40.76897230501,-73.96536747508,03/25/2025 11:02:00 AM
546,40.76337543878,-73.99645870415,03/25/2025 10:56:00 AM
547,40.78517741815,-73.97711306543,03/25/2025 10:23:00 AM
548,40.7747809546,-73.93061336685,03/25/2025 10:14:00 AM
549,40.71897332139,-74.0087697807,03/25/2025 09:53:00 AM
550,40.82166745004,-73.95481163399,03/25/2025 09:53:00 AM
551,40.75038859813,-73.94076613496,03/25/2025 09:23:00 AM
552,40.86859514516,-73.92577542993,03/25/2025 09:20:00 AM
553,40.70573014281,-73.93342998707,03/25/2025 09:11:00 AM
554,40.77300233326,-73.98015360086,03/25/2025 09:05:00 AM
555,40.76897230501,-73.96536747508,03/25/2025 08:41:00 AM
556,40.77246630339,-73.95705096029,03/25/2025 08:35:00 AM
557,40.75887624482,-73.96249945093,03/25/2025 08:26:00 AM
558,40.76559463367,-73.98232542067,03/25/2025 08:05:00 AM
559,40.80788139364,-73.94981073637,03/25/2025 07:50:00 AM
560,40.7025120069,-73.91863897173,03/25/2025 07:38:00 AM
561,40.84180440192,-73.91432680994,03/25/2025 06:41:00 AM
562,40.7567157101,-73.98455846171,03/25/2025 06:38:00 AM
563,40.70009608327,-73.93038815562,03/25/2025 06:32:00 AM
564,40.76865349352,-73.96399216608,03/25/2025 06:29:00 AM
565,40.7280916111,-73.99453392197,03/25/2025 06:29:00 AM
566,40.80907847775,-73.95070208734,03/25/2025 06:14:00 AM
567,40.74500407704,-73.98616352258,03/25/2025 06:02:00 AM
568,40.78573446363,-73.97644121009,03/25/2025 03:50:00 AM
569,40.75677034245,-73.98271037186,03/25/2025 02:50:00 AM
570,40.75034530487,-73.94198968492,03/25/2025 01:38:00 AM
571,40.75019107086,-73.94095037827,03/25/2025 01:26:00 AM
572,40.75038859813,-73.94076613496,03/25/2025 01:26:00 AM
573,40.75041053197,-73.94071919609,03/25/2025 01:20:00 AM
574,40.7297052891,-74.00920776828,03/25/2025 12:53:00 AM
575,40.73391566555,-73.98987153655,03/25/2025 12:47:00 AM
576,40.74620615004,-73.98514193912,03/25/2025 12:38:00 AM
577,40.75776426455,-73.98502746398,03/25/2025 12:23:00 AM
578,40.72662596249,-73.99574990211,03/25/2025 12:23:00 AM
579,40.7049312092,-74.00748754822,03/25/2025 12:14:00 AM
580,40.75677034245,-73.98271037186,03/25/2025 12:05:00 AM
581,40.85019148683,-73.92944670882,03/25/2025 12:02:00 AM
582,40.81116168292,-73.90980369588,03/25/2025 12:02:00 AM
583,40.7762763267,-73.95793670646,03/24/2025 11:41:00 PM
584,40.81116168292,-73.90980369588,03/24/2025 11:38:00 PM
585,40.74620615004,-73.98514193912,03/24/2025 11:29:00 PM
586,40.81116168292,-73.90980369588,03/24/2025 11:29:00 PM
587,40.73543266047,-73.98270147508,03/24/2025 11:29:00 PM
588,40.70797786257,-74.00800367479,03/24/2025 11:17:00 PM
589,40.71586657535,-73.99836228102,03/24/2025 11:08:00 PM
590,40.75202201939,-73.98330352429,03/24/2025 10:47:00 PM
591,40.75560208682,-73.99180291092,03/24/2025 10:11:00 PM
592,40.7659657344,-73.91550015421,03/24/2025 09:35:00 PM
593,40.74693878171,-73.98355020979,03/24/2025 09:23:00 PM
594,40.71505919432,-73.99001508537,03/24/2025 09:17:00 PM
595,40.76595478191,-73.91553626835,03/24/2025 09:14:00 PM
596,40.75597649927,-73.96725477247,03/24/2025 09:08:00 PM
597,40.75662467613,-73.96875601334,03/24/2025 09:05:00 PM
598,40.74709796215,-73.98344550943,03/24/2025 08:50:00 PM
599,40.7329758742,-73.95978980815,03/24/2025 08:50:00 PM
600,40.76623182573,-73.91529765436,03/24/2025 08:47:00 PM
601,40.71505919432,-73.99001508537,03/24/2025 08:47:00 PM
602,40.71500704605,-73.99004034403,03/24/2025 08:41:00 PM
603,40.74776486501,-73.9829581236,03/24/2025 08:17:00 PM
604,40.75914149339,-73.96833972251,03/24/2025 08:05:00 PM
605,40.76623182573,-73.91529765436,03/24/2025 08:05:00 PM
606,40.74935637959,-73.94039170379,03/24/2025 07:59:00 PM
607,40.75946567716,-73.91861271941,03/24/2025 07:26:00 PM
608,40.71505919432,-73.99001508537,03/24/2025 07:11:00 PM
609,40.79887236705,-73.96197126622,03/24/2025 06:32:00 PM
610,40.79883116393,-73.96187377098,03/24/2025 05:41:00 PM
611,40.70571620125,-73.91258651956,03/24/2025 05:35:00 PM
612,40.77963687484,-73.95337779731,03/24/2025 04:53:00 PM
613,40.73497262969,-74.00697853902,03/24/2025 04:14:00 PM
614,40.78425408474,-73.95479730461,03/24/2025 02:53:00 PM
615,40.81389137079,-73.95407993851,03/24/2025 02:38:00 PM
616,40.73671929569,-73.95859676392,03/24/2025 02:14:00 PM
617,40.81123812916,-73.94967093081,03/24/2025 02:02:00 PM
618,40.73765081739,-73.92743686783,03/24/2025 01:50:00 PM
619,40.71591520935,-73.98656997303,03/24/2025 01:41:00 PM
620,40.79781044105,-73.94855782801,03/24/2025 01:20:00 PM
621,40.70009608327,-73.93038815562,03/24/2025 12:41:00 PM
622,40.76714647848,-73.99183037075,03/24/2025 12:38:00 PM
623,40.71432145997,-73.95691888726,03/24/2025 12:32:00 PM
624,40.77335058756,-73.91381915639,03/24/2025 12:29:00 PM
625,40.70631454319,-74.00789527128,03/24/2025 12:05:00 PM
626,40.77967198409,-73.95198401641,03/24/2025 10:41:00 AM
627,40.73519991923,-73.95454552239,03/24/2025 10:41:00 AM
628,40.7456399472,-73.9799632613,03/24/2025 10:35:00 AM
629,40.74856315386,-73.9802474995,03/24/2025 10:26:00 AM
630,40.73482681418,-73.9550076441,03/24/2025 10:23:00 AM
631,40.74856315386,-73.9802474995,03/24/2025 10:20:00 AM
632,40.73249310647,-73.9606849358,03/24/2025 10:17:00 AM
633,40.73249310647,-73.9606849358,03/24/2025 10:08:00 AM
634,40.71507269412,-73.95475404088,03/24/2025 09:56:00 AM
635,40.72911276305,-73.99750685294,03/24/2025 09:56:00 AM
636,40.71594815863,-73.98667457853,03/24/2025 09:53:00 AM
637,40.77637565046,-73.98035478844,03/24/2025 09:38:00 AM
638,40.71929777579,-73.95709243793,03/24/2025 09:02:00 AM
639,40.73145120399,-74.00520295836,03/24/2025 08:32:00 AM
640,40.77889481517,-73.95101329165,03/24/2025 08:11:00 AM
641,40.73458199598,-73.95365829615,03/24/2025 08:08:00 AM
642,40.73215116065,-74.0041097308,03/24/2025 08:02:00 AM
643,40.73460933575,-73.95339126103,03/24/2025 07:32:00 AM
644,40.86125155997,-73.92770691106,03/24/2025 07:32:00 AM
645,40.79616649744,-73.96330551527,03/24/2025 07:20:00 AM
646,40.71839172189,-73.99680019433,03/24/2025 07:17:00 AM
647,40.86060759785,-73.91328672664,03/24/2025 06:29:00 AM
648,40.80728993436,-73.92258553102,03/24/2025 05:14:00 AM
649,40.78026736617,-73.95144557789,03/24/2025 04:38:00 AM
650,40.73203033658,-73.97427724478,03/24/2025 03:53:00 AM
651,40.77972088193,-73.9770932763,03/24/2025 12:26:00 AM
652,40.74107990458,-74.0015553392,03/24/2025 12:26:00 AM
653,40.77999806201,-73.97690180934,03/24/2025 12:26:00 AM
654,40.77999806201,-73.97690180934,03/24/2025 12:17:00 AM
655,40.77972088193,-73.9770932763,03/24/2025 12:14:00 AM
656,40.77999806201,-73.97690180934,03/24/2025 12:14:00 AM
657,40.77883138291,-73.97608619095,03/24/2025 12:14:00 AM
658,40.76259221855,-73.96126279291,03/24/2025 12:08:00 AM
659,40.73084166493,-73.99140184718,03/23/2025 11:17:00 PM
660,40.77122376176,-73.95217784374,03/23/2025 10:20:00 PM
661,40.73554549215,-73.98480512897,03/23/2025 10:17:00 PM
662,40.76820309786,-73.99045477576,03/23/2025 10:17:00 PM
663,40.74564005237,-73.94608991003,03/23/2025 09:50:00 PM
664,40.76454140051,-73.98816298429,03/23/2025 09:23:00 PM
665,40.76376685219,-73.98379874691,03/23/2025 07:26:00 PM
666,40.81375647953,-73.95308656195,03/23/2025 06:32:00 PM
667,40.77246630339,-73.95705096029,03/23/2025 06:23:00 PM
668,40.78040024831,-73.98592146496,03/23/2025 06:14:00 PM
669,40.78221201089,-73.97214186852,03/23/2025 05:23:00 PM
670,40.81366045129,-73.94119391164,03/23/2025 05:20:00 PM
671,40.74538079101,-74.00583560522,03/23/2025 05:17:00 PM
672,40.82290784964,-73.94206011309,03/23/2025 05:05:00 PM
673,40.76426353502,-73.98299722123,03/23/2025 04:32:00 PM
674,40.72678792827,-74.00350327257,03/23/2025 04:14:00 PM
675,40.82919597652,-73.94202572981,03/23/2025 03:35:00 PM
676,40.74242478726,-73.95630166275,03/23/2025 03:23:00 PM
677,40.85362873031,-73.93563518614,03/23/2025 03:23:00 PM
678,40.75503245248,-73.9219135483,03/23/2025 03:02:00 PM
679,40.72411182003,-74.00231978765,03/23/2025 02:41:00 PM
680,40.72663603611,-73.98494786828,03/23/2025 02:26:00 PM
681,40.82979012271,-73.9210742087,03/23/2025 02:20:00 PM
682,40.75569008562,-73.99463994128,03/23/2025 01:47:00 PM
683,40.77685060073,-73.95248070503,03/23/2025 01:26:00 PM
684,40.77246630339,-73.95705096029,03/23/2025 12:44:00 PM
685,40.70009608327,-73.93038815562,03/23/2025 12:20:00 PM
686,40.81154303672,-73.91689090007,03/23/2025 11:17:00 AM
687,40.7128003217,-73.963279267,03/23/2025 10:56:00 AM
688,40.81120119957,-73.92684009431,03/23/2025 10:38:00 AM
689,40.83428872517,-73.90986268636,03/23/2025 09:59:00 AM
690,40.76295001242,-73.99675473533,03/23/2025 09:56:00 AM
691,40.7455537153,-74.00573457067,03/23/2025 09:47:00 AM
692,40.74163464425,-73.97621862921,03/23/2025 09:11:00 AM
693,40.69833199409,-73.92301859151,03/23/2025 08:32:00 AM
694,40.78975622611,-73.94598557258,03/23/2025 08:29:00 AM
695,40.85166040909,-73.90693655949,03/23/2025 07:59:00 AM
696,40.86439401119,-73.90809735025,03/23/2025 07:50:00 AM
697,40.84387008557,-73.91288206244,03/23/2025 07:44:00 AM
698,40.71702644135,-73.98352151863,03/23/2025 06:38:00 AM
699,40.76191494033,-73.99102241623,03/23/2025 06:29:00 AM
700,40.74675184339,-73.98159779617,03/23/2025 06:29:00 AM
701,40.74675184339,-73.98159779617,03/23/2025 05:47:00 AM
702,40.76191494033,-73.99102241623,03/23/2025 05:02:00 AM
703,40.76160747181,-73.99031493926,03/23/2025 05:02:00 AM
704,40.86756586532,-73.92159701344,03/23/2025 02:05:00 AM
705,40.71660961085,-73.98637503617,03/23/2025 01:53:00 AM
706,40.76387923779,-73.96048230352,03/23/2025 01:05:00 AM
707,40.82417265544,-73.95300695474,03/23/2025 12:56:00 AM
708,40.73854791764,-73.98245528565,03/23/2025 12:41:00 AM
709,40.73788618552,-73.98090380372,03/23/2025 12:41:00 AM
710,40.73788618552,-73.98090380372,03/23/2025 12:38:00 AM
711,40.74564005237,-73.94608991003,03/22/2025 10:56:00 PM
712,40.78407520956,-73.97023808874,03/22/2025 10:47:00 PM
713,40.75301126822,-74.00401717538,03/22/2025 10:44:00 PM
714,40.80800915399,-73.93619586188,03/22/2025 10:26:00 PM
715,40.826247342,-73.94601015021,03/22/2025 10:11:00 PM
716,40.78461032744,-73.96983341361,03/22/2025 09:41:00 PM
717,40.7520544862,-73.94042899146,03/22/2025 08:59:00 PM
718,40.76792874241,-73.92007170087,03/22/2025 08:47:00 PM
719,40.7548405387,-73.96856194142,03/22/2025 08:26:00 PM
720,40.75487620955,-73.96852222093,03/22/2025 08:17:00 PM
721,40.75487620955,-73.96852222093,03/22/2025 08:14:00 PM
722,40.75466197318,-73.96799173865,03/22/2025 08:11:00 PM
723,40.82105596083,-73.94366590343,03/22/2025 07:14:00 PM
724,40.70580881682,-73.91531311473,03/22/2025 06:14:00 PM
725,40.77246630339,-73.95705096029,03/22/2025 06:14:00 PM
726,40.73341379538,-74.0024283593,03/22/2025 06:11:00 PM
727,40.69920749917,-73.92711806926,03/22/2025 06:08:00 PM
728,40.75538979628,-73.96971309709,03/22/2025 05:32:00 PM
729,40.75336203101,-73.9323789896,03/22/2025 05:29:00 PM
730,40.84016686635,-73.92364594501,03/22/2025 04:44:00 PM
731,40.77246630339,-73.95705096029,03/22/2025 04:23:00 PM
732,40.7826340945,-73.9831766875,03/22/2025 03:32:00 PM
733,40.86902117841,-73.92252089631,03/22/2025 03:23:00 PM
734,40.75121046605,-73.9734361078,03/22/2025 03:02:00 PM
735,40.72513010522,-74.00315322766,03/22/2025 02:50:00 PM
736,40.81366240227,-73.95126225932,03/22/2025 02:35:00 PM
737,40.72784462731,-73.95622824051,03/22/2025 02:02:00 PM
738,40.72881300723,-73.98820180283,03/22/2025 01:32:00 PM
739,40.76473604696,-73.986101664,03/22/2025 01:32:00 PM
740,40.73550386255,-73.95999035154,03/22/2025 01:17:00 PM
741,40.71543034606,-73.93875187032,03/22/2025 01:02:00 PM
742,40.72504160102,-73.98716702985,03/22/2025 12:20:00 PM
743,40.71594815863,-73.98667457853,03/22/2025 12:17:00 PM
744,40.86206643516,-73.92722881333,03/22/2025 12:08:00 PM
745,40.75341725166,-73.93782904447,03/22/2025 12:05:00 PM
746,40.7018869397,-73.90864957489,03/22/2025 11:26:00 AM
747,40.71594815863,-73.98667457853,03/22/2025 11:23:00 AM
748,40.72784462731,-73.95622824051,03/22/2025 11:23:00 AM
749,40.70783377566,-73.92212754043,03/22/2025 11:14:00 AM
750,40.71594815863,-73.98667457853,03/22/2025 11:14:00 AM
751,40.70722175457,-73.92221842649,03/22/2025 10:59:00 AM
752,40.80670408686,-73.91316550312,03/22/2025 10:44:00 AM
753,40.82546492342,-73.94563862002,03/22/2025 10:44:00 AM
754,40.76085370419,-73.95814137254,03/22/2025 10:38:00 AM
755,40.74730222521,-73.99704060959,03/22/2025 10:35:00 AM
756,40.72905185657,-73.98875739629,03/22/2025 10:35:00 AM
757,40.81551016733,-73.93563231275,03/22/2025 10:32:00 AM
758,40.70727760997,-74.01190980468,03/22/2025 10:32:00 AM
759,40.81551016733,-73.93563231275,03/22/2025 10:29:00 AM
760,40.77423860296,-73.98852230784,03/22/2025 10:26:00 AM
761,40.70727760997,-74.01190980468,03/22/2025 10:23:00 AM
762,40.77923351671,-73.95367054998,03/22/2025 10:20:00 AM
763,40.70009608327,-73.93038815562,03/22/2025 10:20:00 AM
764,40.75201095866,-73.96950529575,03/22/2025 10:05:00 AM
765,40.77961818159,-73.91565253516,03/22/2025 10:05:00 AM
766,40.79140360396,-73.9700795223,03/22/2025 09:50:00 AM
767,40.69977185722,-73.92133272091,03/22/2025 09:47:00 AM
768,40.7638870523,-73.98016353685,03/22/2025 09:47:00 AM
769,40.78555722222,-73.95326531911,03/22/2025 09:41:00 AM
770,40.70727760997,-74.01190980468,03/22/2025 09:32:00 AM
771,40.73736859934,-73.99026794388,03/22/2025 09:26:00 AM
772,40.75129722785,-73.94099631774,03/22/2025 09:23:00 AM
773,40.70394158178,-73.90716441915,03/22/2025 09:20:00 AM
774,40.81410492226,-73.94085393111,03/22/2025 09:17:00 AM
775,40.7554294243,-73.99715214156,03/22/2025 08:59:00 AM
776,40.79541235814,-73.93398678762,03/22/2025 08:53:00 AM
777,40.72153568961,-73.94624289001,03/22/2025 08:38:00 AM
778,40.70731657357,-74.00427050786,03/22/2025 08:38:00 AM
779,40.76439629167,-73.96364791351,03/22/2025 08:29:00 AM
780,40.77067568109,-73.98623039449,03/22/2025 08:26:00 AM
781,40.75372697101,-73.97164125189,03/22/2025 08:17:00 AM
782,40.82571686083,-73.9250319543,03/22/2025 08:14:00 AM
783,40.76502743781,-73.96319271236,03/22/2025 07:53:00 AM
784,40.7357508899,-73.9816549602,03/22/2025 07:44:00 AM
785,40.79282114142,-73.97539137298,03/22/2025 07:44:00 AM
786,40.79282114142,-73.97539137298,03/22/2025 07:41:00 AM
787,40.8177007749,-73.95341254905,03/22/2025 06:17:00 AM
788,40.85670443314,-73.92906384504,03/22/2025 06:11:00 AM
789,40.85670443314,-73.92906384504,03/22/2025 05:59:00 AM
790,40.81262819923,-73.93561342471,03/22/2025 04:47:00 AM
791,40.72160511084,-73.90838444444,03/22/2025 03:56:00 AM
792,40.85499852325,-73.93120204528,03/22/2025 03:26:00 AM
793,40.72390346215,-73.97588943614,03/22/2025 02:26:00 AM
794,40.70316085848,-73.92854557702,03/22/2025 02:17:00 AM
795,40.76911969807,-73.95503862945,03/22/2025 01:50:00 AM
796,40.71538112058,-73.95054413016,03/22/2025 01:47:00 AM
797,40.76191494033,-73.99102241623,03/22/2025 01:32:00 AM
798,40.70316085848,-73.92854557702,03/22/2025 01:26:00 AM
799,40.77119254373,-73.92459511088,03/22/2025 01:26:00 AM
800,40.76825966083,-73.95270705389,03/22/2025 01:17:00 AM
801,40.76825966083,-73.95270705389,03/22/2025 01:08:00 AM
802,40.76887519795,-73.95448282645,03/22/2025 12:56:00 AM
803,40.7662645767,-73.98386673009,03/22/2025 12:53:00 AM
804,40.83182140955,-73.9213645006,03/22/2025 12:44:00 AM
805,40.81116168292,-73.90980369588,03/22/2025 12:26:00 AM
806,40.71525722106,-73.99741358199,03/22/2025 12:23:00 AM
807,40.81116168292,-73.90980369588,03/22/2025 12:05:00 AM
808,40.77162290438,-73.95504777042,03/22/2025 12:05:00 AM
809,40.69970376122,-73.9804639361,03/21/2025 11:50:00 PM
810,40.69970376122,-73.9804639361,03/21/2025 11:41:00 PM
811,40.71525722106,-73.99741358199,03/21/2025 11:41:00 PM
812,40.85670443314,-73.92906384504,03/21/2025 11:38:00 PM
813,40.78876523458,-73.94013974493,03/21/2025 11:35:00 PM
814,40.76801682644,-73.92043621896,03/21/2025 11:23:00 PM
815,40.70376448805,-73.91234382605,03/21/2025 11:17:00 PM
816,40.85275157975,-73.93284545927,03/21/2025 10:56:00 PM
817,40.74008071014,-73.99484327984,03/21/2025 10:41:00 PM
818,40.71981855795,-73.94862524158,03/21/2025 10:20:00 PM
819,40.74286672805,-74.00213639328,03/21/2025 09:50:00 PM
820,40.72726476709,-73.98640893694,03/21/2025 09:41:00 PM
821,40.70009608327,-73.93038815562,03/21/2025 09:20:00 PM
822,40.87043933699,-73.91734156531,03/21/2025 09:11:00 PM
823,40.85670443314,-73.92906384504,03/21/2025 09:05:00 PM
824,40.85670443314,-73.92906384504,03/21/2025 08:41:00 PM
825,40.85670443314,-73.92906384504,03/21/2025 08:26:00 PM
826,40.82426355912,-73.94741006332,03/21/2025 07:32:00 PM
827,40.85041348533,-73.93847215023,03/21/2025 06:47:00 PM
828,40.72391249085,-73.9459018446,03/21/2025 06:38:00 PM
829,40.70009608327,-73.93038815562,03/21/2025 06:14:00 PM
830,40.77465546404,-73.9540925525,03/21/2025 05:47:00 PM
831,40.81795266444,-73.94016407083,03/21/2025 04:38:00 PM
832,40.71901707349,-73.95515900856,03/21/2025 04:35:00 PM
833,40.74182920014,-73.9972862454,03/21/2025 04:14:00 PM
834,40.85769979065,-73.9275047165,03/21/2025 03:29:00 PM
835,40.73488141454,-73.98601046597,03/21/2025 02:59:00 PM
836,40.75066155318,-73.99194427744,03/21/2025 02:56:00 PM
837,40.76882023456,-73.95430957541,03/21/2025 02:41:00 PM
838,40.75008532865,-73.99498326277,03/21/2025 02:26:00 PM
839,40.85068195921,-73.93752848535,03/21/2025 02:20:00 PM
840,40.77567579926,-73.98069077611,03/21/2025 02:17:00 PM
841,40.74604791255,-74.00029954241,03/21/2025 01:14:00 PM
842,40.70610791686,-73.95379350782,03/21/2025 01:08:00 PM
843,40.71594815863,-73.98667457853,03/21/2025 11:35:00 AM
844,40.79272790601,-73.96509147948,03/21/2025 11:14:00 AM
845,40.70635779575,-73.95405663076,03/21/2025 11:02:00 AM
846,40.76298783765,-73.98779144453,03/21/2025 11:02:00 AM
847,40.74163464425,-73.97621862921,03/21/2025 10:53:00 AM
848,40.71594815863,-73.98667457853,03/21/2025 10:53:00 AM
849,40.74517467647,-73.9553868079,03/21/2025 10:50:00 AM
850,40.79462069992,-73.94200527761,03/21/2025 10:35:00 AM
851,40.73285112415,-73.99773763979,03/21/2025 10:35:00 AM
852,40.8282661643,-73.90902530794,03/21/2025 10:35:00 AM
853,40.69941165329,-73.995820159,03/21/2025 10:32:00 AM
854,40.73407200882,-73.98871324972,03/21/2025 10:20:00 AM
855,40.73407200882,-73.98871324972,03/21/2025 10:17:00 AM
856,40.72270927192,-74.00022367622,03/21/2025 10:11:00 AM
857,40.76678113958,-73.92367592766,03/21/2025 09:53:00 AM
858,40.76243100212,-73.93784228976,03/21/2025 09:44:00 AM
859,40.7207681019,-73.98799398759,03/21/2025 09:41:00 AM
860,40.72707692195,-73.97851845982,03/21/2025 08:47:00 AM
861,40.8063209327,-73.91843983607,03/21/2025 08:26:00 AM
862,40.71006098959,-73.990091581,03/21/2025 08:23:00 AM
863,40.73147579161,-73.99267905242,03/21/2025 08:14:00 AM
864,40.72747009851,-73.9825159292,03/21/2025 07:59:00 AM
865,40.77844016739,-73.9833727249,03/21/2025 07:59:00 AM
866,40.71637296685,-73.95289898624,03/21/2025 07:56:00 AM
867,40.74281180204,-73.99657888656,03/21/2025 07:47:00 AM
868,40.7049312092,-74.00748754822,03/21/2025 07:44:00 AM
869,40.71657445389,-73.95571979103,03/21/2025 07:38:00 AM
870,40.80718041461,-73.94169451648,03/21/2025 07:38:00 AM
871,40.71646183528,-73.95550342526,03/21/2025 07:35:00 AM
872,40.74533475365,-73.91352698658,03/21/2025 07:32:00 AM
873,40.72775775451,-73.97924343917,03/21/2025 07:08:00 AM
874,40.77365454467,-73.92886347613,03/21/2025 06:56:00 AM
875,40.70009608327,-73.93038815562,03/21/2025 06:20:00 AM
876,40.70140607573,-73.9229320916,03/21/2025 06:02:00 AM
877,40.78468387344,-73.97982873643,03/21/2025 04:50:00 AM
878,40.83392697528,-73.94028702543,03/21/2025 01:53:00 AM
879,40.86825094492,-73.91613668233,03/21/2025 01:26:00 AM
880,40.70563553928,-73.92260259368,03/21/2025 01:11:00 AM
881,40.76839990747,-73.95335678247,03/21/2025 12:59:00 AM
882,40.74828976588,-73.98817669912,03/21/2025 12:50:00 AM
883,40.79926115572,-73.95915742851,03/21/2025 12:35:00 AM
884,40.76816911699,-73.95278654135,03/21/2025 12:29:00 AM
885,40.76825966083,-73.95270705389,03/21/2025 12:23:00 AM
886,40.70997019266,-73.96241514805,03/21/2025 12:23:00 AM
887,40.73465934359,-73.98828736754,03/21/2025 12:20:00 AM
888,40.85497848522,-73.9298320354,03/20/2025 11:50:00 PM
889,40.86176211894,-73.91196927907,03/20/2025 11:44:00 PM
890,40.85518782345,-73.93106086962,03/20/2025 11:29:00 PM
891,40.85482728193,-73.92943094676,03/20/2025 11:05:00 PM
892,40.76444719348,-73.95988632609,03/20/2025 10:59:00 PM
893,40.74008071014,-73.99484327984,03/20/2025 10:32:00 PM
894,40.77246630339,-73.95705096029,03/20/2025 10:17:00 PM
895,40.76882023456,-73.95430957541,03/20/2025 09:35:00 PM
896,40.85542649994,-73.93087264843,03/20/2025 09:35:00 PM
897,40.71652437624,-74.01481537065,03/20/2025 09:32:00 PM
898,40.70707879483,-73.94574237783,03/20/2025 09:20:00 PM
899,40.76839990747,-73.95335678247,03/20/2025 09:17:00 PM
900,40.74829528465,-73.98846542346,03/20/2025 09:02:00 PM
901,40.87043933699,-73.91734156531,03/20/2025 08:53:00 PM
902,40.7185237187,-73.95699914243,03/20/2025 07:56:00 PM
903,40.7068988606,-74.01163561829,03/20/2025 07:56:00 PM
904,40.75946567716,-73.91861271941,03/20/2025 07:11:00 PM
905,40.70009608327,-73.93038815562,03/20/2025 06:59:00 PM
906,40.81439952773,-73.92372608458,03/20/2025 06:44:00 PM
907,40.75233706037,-73.94016887015,03/20/2025 06:29:00 PM
908,40.73541872623,-73.95984967625,03/20/2025 06:29:00 PM
909,40.71250495848,-73.95136147537,03/20/2025 06:20:00 PM
910,40.82846111617,-73.94348257654,03/20/2025 06:17:00 PM
911,40.79272790601,-73.96509147948,03/20/2025 06:14:00 PM
912,40.75818227011,-73.93317542805,03/20/2025 05:02:00 PM
913,40.79627031389,-73.93201757753,03/20/2025 04:23:00 PM
914,40.77531556297,-73.95764847083,03/20/2025 04:08:00 PM
915,40.76363071722,-73.99707959294,03/20/2025 04:05:00 PM
916,40.75819598755,-73.93316458548,03/20/2025 03:44:00 PM
917,40.77819064508,-73.98519618407,03/20/2025 03:29:00 PM
918,40.81713468823,-73.92174674753,03/20/2025 03:20:00 PM
919,40.75097105724,-73.97088809985,03/20/2025 02:59:00 PM
920,40.77882193224,-73.95398496911,03/20/2025 02:56:00 PM
921,40.71631535049,-73.95295674432,03/20/2025 02:50:00 PM
922,40.72740526967,-74.00806012711,03/20/2025 02:47:00 PM
923,40.79781044105,-73.94855782801,03/20/2025 02:41:00 PM
924,40.85453708017,-73.93064583838,03/20/2025 02:32:00 PM
925,40.73810274932,-73.97933042933,03/20/2025 02:26:00 PM
926,40.7587109677,-73.96982709515,03/20/2025 01:53:00 PM
927,40.76974882242,-73.95654728067,03/20/2025 01:50:00 PM
928,40.75266090923,-73.97937644239,03/20/2025 01:17:00 PM
929,40.79582871977,-73.96275673161,03/20/2025 12:32:00 PM
930,40.69823016664,-73.95312097257,03/20/2025 12:32:00 PM
931,40.75804252823,-73.93359067175,03/20/2025 12:23:00 PM
932,40.79878493668,-73.96320655319,03/20/2025 12:14:00 PM
933,40.87812728138,-73.91742241045,03/20/2025 12:14:00 PM
934,40.80800915399,-73.93619586188,03/20/2025 11:50:00 AM
935,40.81507115488,-73.95297364188,03/20/2025 11:35:00 AM
936,40.77256745241,-73.99362045516,03/20/2025 11:29:00 AM
937,40.70921302646,-74.00770444621,03/20/2025 11:29:00 AM
938,40.73490635404,-73.98811773207,03/20/2025 10:47:00 AM
939,40.74163464425,-73.97621862921,03/20/2025 10:44:00 AM
940,40.82864202748,-73.94884835932,03/20/2025 10:38:00 AM
941,40.79582871977,-73.96275673161,03/20/2025 10:38:00 AM
942,40.73748803326,-73.97994406183,03/20/2025 10:38:00 AM
943,40.81590063915,-73.95441453631,03/20/2025 10:38:00 AM
944,40.82969839981,-73.94808148892,03/20/2025 10:26:00 AM
945,40.78101417452,-73.97989123239,03/20/2025 10:23:00 AM
946,40.81370025401,-73.94992195186,03/20/2025 09:53:00 AM
947,40.71856952676,-73.95477331173,03/20/2025 09:17:00 AM
948,40.70577974871,-73.94412760425,03/20/2025 08:29:00 AM
949,40.75407223007,-73.91858321526,03/20/2025 08:23:00 AM
950,40.74533475365,-73.91352698658,03/20/2025 07:44:00 AM
951,40.74775081013,-73.98085044955,03/20/2025 07:26:00 AM
952,40.77632648387,-73.93576406375,03/20/2025 06:41:00 AM
953,40.75724511572,-73.93114419017,03/20/2025 06:41:00 AM
954,40.80469729844,-73.95600431981,03/20/2025 05:56:00 AM
955,40.76155037522,-73.93865531334,03/20/2025 05:35:00 AM
956,40.71314081764,-73.99285781722,03/20/2025 05:26:00 AM
957,40.76252992172,-73.93804434841,03/20/2025 05:08:00 AM
958,40.76204152995,-73.938366076,03/20/2025 05:05:00 AM
959,40.77925052154,-73.95502456743,03/20/2025 05:05:00 AM
960,40.76215675694,-73.93826850427,03/20/2025 05:05:00 AM
961,40.77925052154,-73.95502456743,03/20/2025 05:02:00 AM
962,40.75355475164,-73.99672992759,03/20/2025 04:14:00 AM
963,40.76252992172,-73.93804434841,03/20/2025 04:02:00 AM
964,40.75355475164,-73.99672992759,03/20/2025 03:32:00 AM
965,40.79823867522,-73.94285089274,03/20/2025 02:20:00 AM
966,40.73465934359,-73.98828736754,03/20/2025 02:02:00 AM
967,40.83392697528,-73.94028702543,03/20/2025 01:59:00 AM
968,40.84259441449,-73.9396033931,03/20/2025 01:47:00 AM
969,40.77879404064,-73.98205472389,03/20/2025 01:38:00 AM
970,40.75052027537,-73.94062886874,03/20/2025 01:35:00 AM
971,40.7247513483,-74.00233063328,03/20/2025 12:53:00 AM
972,40.71264654533,-73.98997216115,03/20/2025 12:35:00 AM
973,40.71047848783,-74.00551513197,03/20/2025 12:14:00 AM
974,40.74852782313,-73.98241295748,03/20/2025 12:11:00 AM
975,40.7112442822,-74.00539616234,03/19/2025 11:59:00 PM
976,40.8660261713,-73.9258722992,03/19/2025 11:59:00 PM
977,40.7115406852,-74.00602742471,03/19/2025 11:56:00 PM
978,40.71047848783,-74.00551513197,03/19/2025 11:50:00 PM
979,40.85029667969,-73.93567094185,03/19/2025 11:41:00 PM
980,40.76097330256,-73.9888386423,03/19/2025 11:41:00 PM
981,40.76095683024,-73.98879893778,03/19/2025 11:38:00 PM
982,40.76080034349,-73.9884307702,03/19/2025 11:38:00 PM
983,40.75918413659,-73.99444834832,03/19/2025 11:35:00 PM
984,40.76093761282,-73.98875562399,03/19/2025 11:29:00 PM
985,40.76086897827,-73.98859319693,03/19/2025 11:29:00 PM
986,40.75667830419,-73.99817719205,03/19/2025 11:26:00 PM
987,40.7540829997,-73.96860200212,03/19/2025 11:26:00 PM
988,40.75632149941,-73.99926727122,03/19/2025 11:17:00 PM
989,40.7420206069,-73.98678845189,03/19/2025 11:14:00 PM
990,40.75667830419,-73.99817719205,03/19/2025 11:14:00 PM
991,40.71016563845,-74.00425265538,03/19/2025 11:11:00 PM
992,40.86825094492,-73.91613668233,03/19/2025 11:11:00 PM
993,40.7049312092,-74.00748754822,03/19/2025 11:08:00 PM
994,40.7112442822,-74.00539616234,03/19/2025 11:08:00 PM
995,40.7112442822,-74.00539616234,03/19/2025 11:02:00 PM
996,40.86833893783,-73.91636073752,03/19/2025 10:50:00 PM
997,40.7420068736,-73.98670545391,03/19/2025 10:44:00 PM
998,40.7112442822,-74.00539616234,03/19/2025 10:38:00 PM
999,40.73669085104,-73.99311870885,03/19/2025 10:32:00 PM
1000,40.73407200882,-73.98871324972,03/19/2025 10:20:00 PM
1001,40.77246630339,-73.95705096029,03/19/2025 10:08:00 PM
1002,40.86799030124,-73.92015028736,03/19/2025 10:08:00 PM
1003,40.73447539796,-73.9878327518,03/19/2025 10:08:00 PM
1004,40.73788618552,-73.98090380372,03/19/2025 10:02:00 PM
1005,40.71258035944,-73.9868736441,03/19/2025 10:02:00 PM
1006,40.77246630339,-73.95705096029,03/19/2025 09:59:00 PM
1007,40.73768685681,-73.90865462012,03/19/2025 09:38:00 PM
1008,40.71887378097,-73.98435438823,03/19/2025 09:35:00 PM
1009,40.73768685681,-73.90865462012,03/19/2025 09:14:00 PM
1010,40.72678792827,-74.00350327257,03/19/2025 09:08:00 PM
1011,40.87043933699,-73.91734156531,03/19/2025 08:41:00 PM
1012,40.8703592572,-73.91666914594,03/19/2025 08:38:00 PM
1013,40.87043933699,-73.91734156531,03/19/2025 08:35:00 PM
1014,40.83506065329,-73.94608611505,03/19/2025 08:32:00 PM
1015,40.85194472352,-73.93789961255,03/19/2025 08:26:00 PM
1016,40.79783365975,-73.95146527108,03/19/2025 08:26:00 PM
1017,40.71047848783,-74.00551513197,03/19/2025 07:53:00 PM
1018,40.82290784964,-73.94206011309,03/19/2025 07:50:00 PM
1019,40.77898111556,-73.98509129717,03/19/2025 07:50:00 PM
1020,40.74672261901,-73.9726511393,03/19/2025 07:35:00 PM
1021,40.82419795129,-73.94222880941,03/19/2025 07:29:00 PM
1022,40.7112442822,-74.00539616234,03/19/2025 07:05:00 PM
1023,40.7192496292,-73.98305560227,03/19/2025 06:14:00 PM
1024,40.70546434313,-73.94462920663,03/19/2025 06:08:00 PM
1025,40.72786147946,-73.9572492822,03/19/2025 05:11:00 PM
1026,40.77887132739,-73.95395965991,03/19/2025 04:50:00 PM
1027,40.79411951444,-73.93385444218,03/19/2025 04:50:00 PM
1028,40.79411951444,-73.93385444218,03/19/2025 04:08:00 PM
1029,40.79899984059,-73.94464531195,03/19/2025 02:59:00 PM
1030,40.75459904884,-73.98142598614,03/19/2025 01:35:00 PM
1031,40.73052981629,-73.95843463679,03/19/2025 01:23:00 PM
1032,40.74604791255,-74.00029954241,03/19/2025 01:11:00 PM
1033,40.70009608327,-73.93038815562,03/19/2025 12:56:00 PM
1034,40.79878493668,-73.96320655319,03/19/2025 12:05:00 PM
1035,40.75819598755,-73.93316458548,03/19/2025 11:53:00 AM
1036,40.71582810596,-74.00353876959,03/19/2025 11:26:00 AM
1037,40.71275073784,-73.98879621721,03/19/2025 11:17:00 AM
1038,40.75702568948,-73.98329144145,03/19/2025 11:08:00 AM
1039,40.70898795926,-74.00765392306,03/19/2025 11:05:00 AM
1040,40.86215429966,-73.92728294588,03/19/2025 10:56:00 AM
1041,40.79648205928,-73.96304891211,03/19/2025 10:53:00 AM
1042,40.72709615337,-73.97861586742,03/19/2025 10:41:00 AM
1043,40.71582810596,-74.00353876959,03/19/2025 10:32:00 AM
1044,40.77942438762,-73.9445965916,03/19/2025 10:08:00 AM
1045,40.72280178668,-73.94215435977,03/19/2025 09:56:00 AM
1046,40.76183845012,-73.94973352751,03/19/2025 09:35:00 AM
1047,40.71671931272,-73.98564632768,03/19/2025 09:35:00 AM
1048,40.78872460549,-73.96954264877,03/19/2025 09:32:00 AM
1049,40.7192496292,-73.98305560227,03/19/2025 09:32:00 AM
1050,40.77943759121,-73.94943499242,03/19/2025 09:23:00 AM
1051,40.77960203967,-73.95551900464,03/19/2025 09:11:00 AM
1052,40.74163464425,-73.97621862921,03/19/2025 09:02:00 AM
1053,40.7271648886,-73.95883360706,03/19/2025 08:59:00 AM
1054,40.79582871977,-73.96275673161,03/19/2025 08:53:00 AM
1055,40.7489092272,-73.98166938222,03/19/2025 08:02:00 AM
1056,40.81154303672,-73.91689090007,03/19/2025 07:38:00 AM
1057,40.77836396065,-73.95499628066,03/19/2025 07:35:00 AM
1058,40.82374046923,-73.94999749856,03/19/2025 07:17:00 AM
1059,40.75733307032,-73.93134984401,03/19/2025 06:53:00 AM
1060,40.81551361792,-73.94214241753,03/19/2025 06:44:00 AM
1061,40.74951374442,-73.97148063446,03/19/2025 06:26:00 AM
1062,40.77837082918,-73.9789676923,03/19/2025 02:29:00 AM
1063,40.75049164065,-74.00214024699,03/19/2025 01:17:00 AM
1064,40.75049164065,-74.00214024699,03/19/2025 01:11:00 AM
1065,40.74349864584,-73.95808010031,03/19/2025 12:56:00 AM
1066,40.86833893783,-73.91636073752,03/19/2025 12:44:00 AM
1067,40.82381439162,-73.93828356817,03/19/2025 12:26:00 AM
1068,40.82381439162,-73.93828356817,03/19/2025 12:23:00 AM
1069,40.73000753862,-73.97466769783,03/19/2025 12:17:00 AM
1070,40.74348492734,-73.95809454416,03/19/2025 12:02:00 AM
1071,40.74349864584,-73.95808010031,03/19/2025 12:02:00 AM
1072,40.79214050642,-73.95009707285,03/18/2025 11:53:00 PM
1073,40.74372029695,-73.95626833366,03/18/2025 11:53:00 PM
1074,40.75582373649,-73.97075964742,03/18/2025 11:41:00 PM
1075,40.7420068736,-73.98670545391,03/18/2025 11:35:00 PM
1076,40.74837024188,-73.93891647594,03/18/2025 10:53:00 PM
1077,40.74208900361,-73.98497685569,03/18/2025 10:50:00 PM
1078,40.75609533259,-73.9363791394,03/18/2025 10:50:00 PM
1079,40.71671448738,-73.99271314001,03/18/2025 10:47:00 PM
1080,40.74849081689,-73.93855184851,03/18/2025 10:44:00 PM
1081,40.7482386715,-73.93925223956,03/18/2025 10:44:00 PM
1082,40.71987278329,-73.98370479878,03/18/2025 10:41:00 PM
1083,40.74849081689,-73.93855184851,03/18/2025 10:41:00 PM
1084,40.74816981591,-73.93880477884,03/18/2025 10:41:00 PM
1085,40.74849081689,-73.93855184851,03/18/2025 10:38:00 PM
1086,40.71887378097,-73.98435438823,03/18/2025 10:35:00 PM
1087,40.75203145898,-73.99895692129,03/18/2025 10:32:00 PM
1088,40.81194569691,-73.90856353901,03/18/2025 10:26:00 PM
1089,40.70722833308,-73.91980543981,03/18/2025 10:26:00 PM
1090,40.7357508899,-73.9816549602,03/18/2025 10:20:00 PM
1091,40.7463024325,-73.97165884815,03/18/2025 10:11:00 PM
1092,40.71684623013,-73.99262294152,03/18/2025 10:05:00 PM
1093,40.71358699881,-73.94653426855,03/18/2025 10:05:00 PM
1094,40.81116168292,-73.90980369588,03/18/2025 10:05:00 PM
1095,40.74675557397,-73.97272691442,03/18/2025 10:02:00 PM
1096,40.78090384557,-73.97700620932,03/18/2025 09:44:00 PM
1097,40.73149499459,-73.95581451276,03/18/2025 09:44:00 PM
1098,40.81204857718,-73.91025044711,03/18/2025 09:38:00 PM
1099,40.76401347058,-73.98111651763,03/18/2025 09:20:00 PM
1100,40.76330526254,-73.98072685139,03/18/2025 09:20:00 PM
1101,40.78082147316,-73.97685458293,03/18/2025 09:14:00 PM
1102,40.87037890192,-73.91726932655,03/18/2025 09:05:00 PM
1103,40.75203145898,-73.99895692129,03/18/2025 09:02:00 PM
1104,40.74829528465,-73.98846542346,03/18/2025 08:35:00 PM
1105,40.77201663857,-73.92563034918,03/18/2025 08:29:00 PM
1106,40.7341191852,-74.00294076342,03/18/2025 08:20:00 PM
1107,40.74821847599,-73.98891656955,03/18/2025 08:11:00 PM
1108,40.73517044739,-74.00191964518,03/18/2025 08:08:00 PM
1109,40.87040040932,-73.9166437845,03/18/2025 08:02:00 PM
1110,40.74821847599,-73.98891656955,03/18/2025 07:59:00 PM
1111,40.74672261901,-73.9726511393,03/18/2025 07:53:00 PM
1112,40.76264648983,-73.9594506194,03/18/2025 07:47:00 PM
1113,40.76710641252,-73.92580911643,03/18/2025 07:35:00 PM
1114,40.72486330181,-73.98819528648,03/18/2025 07:11:00 PM
1115,40.71835057855,-74.00194441284,03/18/2025 06:50:00 PM
1116,40.82934993321,-73.94833108981,03/18/2025 06:44:00 PM
1117,40.81123170862,-73.93664794505,03/18/2025 06:17:00 PM
1118,40.76234888817,-73.99594616315,03/18/2025 06:17:00 PM
1119,40.7813473457,-73.94812641134,03/18/2025 06:05:00 PM
1120,40.71997719125,-73.95377306972,03/18/2025 05:56:00 PM
1121,40.74163464425,-73.97621862921,03/18/2025 04:44:00 PM
1122,40.75819598755,-73.93316458548,03/18/2025 04:35:00 PM
1123,40.87762890078,-73.91905026921,03/18/2025 04:20:00 PM
1124,40.72748457198,-73.98846541761,03/18/2025 04:17:00 PM
1125,40.8496028594,-73.93673790928,03/18/2025 03:44:00 PM
1126,40.77788946204,-73.95587760505,03/18/2025 03:32:00 PM
1127,40.78395995057,-73.94728301284,03/18/2025 03:23:00 PM
1128,40.80269907906,-73.94918615291,03/18/2025 03:02:00 PM
1129,40.72140485199,-73.98767279556,03/18/2025 01:29:00 PM
1130,40.72082573883,-73.98796511658,03/18/2025 01:20:00 PM
1131,40.72056490184,-73.98717871454,03/18/2025 01:20:00 PM
1132,40.80203052948,-73.95900041413,03/18/2025 12:53:00 PM
1133,40.77499292028,-73.93644773734,03/18/2025 12:41:00 PM
1134,40.74678488155,-73.94103640404,03/18/2025 11:38:00 AM
1135,40.76443995528,-73.98928930402,03/18/2025 11:35:00 AM
1136,40.7271648886,-73.95883360706,03/18/2025 11:29:00 AM
1137,40.73353164112,-73.9931406847,03/18/2025 11:20:00 AM
1138,40.71594815863,-73.98667457853,03/18/2025 11:08:00 AM
1139,40.74678488155,-73.94103640404,03/18/2025 11:08:00 AM
1140,40.79621920146,-73.9650896487,03/18/2025 11:02:00 AM
1141,40.70037717623,-73.92776234933,03/18/2025 10:53:00 AM
1142,40.83495874504,-73.93008804441,03/18/2025 10:47:00 AM
1143,40.73847944159,-73.9834187825,03/18/2025 10:41:00 AM
1144,40.72407877313,-73.994462096,03/18/2025 10:29:00 AM
1145,40.82864202748,-73.94884835932,03/18/2025 10:26:00 AM
1146,40.73810274932,-73.97933042933,03/18/2025 09:56:00 AM
1147,40.77100133576,-73.96766617926,03/18/2025 09:50:00 AM
1148,40.77677544876,-73.91305649546,03/18/2025 09:44:00 AM
1149,40.73810274932,-73.97933042933,03/18/2025 09:41:00 AM
1150,40.78545426731,-73.94993236338,03/18/2025 09:14:00 AM
1151,40.80555918766,-73.96405166891,03/18/2025 08:59:00 AM
1152,40.86859514516,-73.92577542993,03/18/2025 08:56:00 AM
1153,40.77889481517,-73.95101329165,03/18/2025 08:29:00 AM
1154,40.70009608327,-73.93038815562,03/18/2025 07:59:00 AM
1155,40.74533475365,-73.91352698658,03/18/2025 07:44:00 AM
1156,40.80814345415,-73.91468079692,03/18/2025 07:29:00 AM
1157,40.86439401119,-73.90809735025,03/18/2025 06:35:00 AM
1158,40.7225115707,-73.9745009866,03/18/2025 06:32:00 AM
1159,40.75094908739,-73.97084118972,03/18/2025 06:23:00 AM
1160,40.74462061173,-74.0026922151,03/18/2025 06:17:00 AM
1161,40.75696728422,-73.96701605599,03/18/2025 06:08:00 AM
1162,40.72154413312,-73.98229381152,03/18/2025 04:17:00 AM
1163,40.74921942195,-73.98191110768,03/18/2025 03:53:00 AM
1164,40.74415676977,-74.0015698464,03/18/2025 03:29:00 AM
1165,40.76452019636,-73.97552817787,03/18/2025 01:41:00 AM
1166,40.74445317879,-74.0028257361,03/18/2025 01:29:00 AM
1167,40.74462061173,-74.0026922151,03/18/2025 01:26:00 AM
1168,40.77432128559,-73.92849088464,03/18/2025 01:05:00 AM
1169,40.73465934359,-73.98828736754,03/18/2025 12:56:00 AM
1170,40.73490635404,-73.98811773207,03/18/2025 12:50:00 AM
1171,40.73490635404,-73.98811773207,03/18/2025 12:38:00 AM
1172,40.73407200882,-73.98871324972,03/18/2025 12:38:00 AM
1173,40.74472216946,-74.00260560626,03/18/2025 12:08:00 AM
1174,40.70898795709,-74.0076863855,03/18/2025 12:05:00 AM
1175,40.77144053866,-73.91420793268,03/18/2025 12:05:00 AM
1176,40.7049312092,-74.00748754822,03/17/2025 11:50:00 PM
1177,40.73504824969,-73.98175979577,03/17/2025 11:44:00 PM
1178,40.7296287122,-74.00460027079,03/17/2025 11:26:00 PM
1179,40.73529333298,-73.987818169,03/17/2025 11:05:00 PM
1180,40.73407200882,-73.98871324972,03/17/2025 11:05:00 PM
1181,40.70729111406,-74.0138719316,03/17/2025 11:02:00 PM
1182,40.73492830759,-73.98807442805,03/17/2025 10:56:00 PM
1183,40.71776012958,-73.99112576396,03/17/2025 10:41:00 PM
1184,40.74675557397,-73.97272691442,03/17/2025 10:38:00 PM
1185,40.81194569691,-73.90856353901,03/17/2025 10:38:00 PM
1186,40.71097235237,-73.94312770694,03/17/2025 10:35:00 PM
1187,40.7357508899,-73.9816549602,03/17/2025 10:35:00 PM
1188,40.7357508899,-73.9816549602,03/17/2025 10:32:00 PM
1189,40.81194569691,-73.90856353901,03/17/2025 10:29:00 PM
1190,40.74675557397,-73.97272691442,03/17/2025 10:26:00 PM
1191,40.73080077014,-74.00320040154,03/17/2025 10:20:00 PM
1192,40.7192496292,-73.98305560227,03/17/2025 10:20:00 PM
1193,40.78082147316,-73.97685458293,03/17/2025 10:20:00 PM
1194,40.7812269826,-73.95567318577,03/17/2025 10:17:00 PM
1195,40.7192496292,-73.98305560227,03/17/2025 10:14:00 PM
1196,40.71946397224,-73.98486290793,03/17/2025 10:11:00 PM
1197,40.71776012958,-73.99112576396,03/17/2025 10:11:00 PM
1198,40.71895066828,-73.98460689361,03/17/2025 10:08:00 PM
1199,40.7198178076,-73.98314564593,03/17/2025 10:05:00 PM
1200,40.71887378097,-73.98435438823,03/17/2025 10:05:00 PM
1201,40.7198178076,-73.98314564593,03/17/2025 10:02:00 PM
1202,40.74701869103,-73.97117132877,03/17/2025 09:59:00 PM
1203,40.73964979883,-73.99518252142,03/17/2025 09:41:00 PM
1204,40.780651211,-73.97641773285,03/17/2025 09:29:00 PM
1205,40.72825916473,-73.99880215019,03/17/2025 09:29:00 PM
1206,40.77070997191,-73.95093266547,03/17/2025 09:20:00 PM
1207,40.73499608734,-73.98168403478,03/17/2025 09:17:00 PM
1208,40.71436642292,-73.98126405064,03/17/2025 09:17:00 PM
1209,40.71456684574,-73.98160668213,03/17/2025 09:14:00 PM
1210,40.73081170977,-74.00439468964,03/17/2025 09:08:00 PM
1211,40.84546857294,-73.94046822501,03/17/2025 09:02:00 PM
1212,40.74415676977,-74.0015698464,03/17/2025 08:29:00 PM
1213,40.7198178076,-73.98314564593,03/17/2025 08:26:00 PM
1214,40.86292586385,-73.92776655089,03/17/2025 08:20:00 PM
1215,40.73367699079,-73.95559656934,03/17/2025 08:08:00 PM
1216,40.71467125967,-73.9823281025,03/17/2025 08:08:00 PM
1217,40.71346435622,-73.93737573355,03/17/2025 07:59:00 PM
1218,40.81154303672,-73.91689090007,03/17/2025 07:14:00 PM
1219,40.74675557397,-73.97272691442,03/17/2025 07:08:00 PM
1220,40.7264063886,-73.99593391805,03/17/2025 06:59:00 PM
1221,40.77058632447,-73.95061866264,03/17/2025 06:53:00 PM
1222,40.77070997191,-73.95093266547,03/17/2025 06:44:00 PM
1223,40.77070997191,-73.95093266547,03/17/2025 06:38:00 PM
1224,40.72341408159,-73.9883109902,03/17/2025 06:08:00 PM
1225,40.83506065329,-73.94608611505,03/17/2025 06:08:00 PM
1226,40.77041911549,-73.95113505467,03/17/2025 05:47:00 PM
1227,40.78793033015,-73.97683766675,03/17/2025 05:44:00 PM
1228,40.77882193224,-73.95398496911,03/17/2025 05:26:00 PM
1229,40.77070997191,-73.95093266547,03/17/2025 04:50:00 PM
1230,40.86053025821,-73.92859702408,03/17/2025 04:47:00 PM
1231,40.71798272501,-73.96421434234,03/17/2025 03:23:00 PM
1232,40.76422338501,-73.99266462304,03/17/2025 02:32:00 PM
1233,40.77225093968,-73.92719337602,03/17/2025 02:26:00 PM
1234,40.72290127684,-73.9945632092,03/17/2025 02:23:00 PM
1235,40.81700204066,-73.94372713976,03/17/2025 01:59:00 PM
1236,40.71694137946,-74.0162980919,03/17/2025 01:02:00 PM
1237,40.7135466853,-73.9373504059,03/17/2025 01:02:00 PM
1238,40.71383247834,-73.93797418311,03/17/2025 12:50:00 PM
1239,40.75094908739,-73.97084118972,03/17/2025 12:44:00 PM
1240,40.76855547417,-73.9214247609,03/17/2025 12:38:00 PM
1241,40.75804252823,-73.93359067175,03/17/2025 12:29:00 PM
1242,40.81315972842,-73.95034864355,03/17/2025 12:29:00 PM
1243,40.77798874444,-73.9760648295,03/17/2025 11:59:00 AM
1244,40.77081837615,-73.94778080445,03/17/2025 11:38:00 AM
1245,40.71798272501,-73.96421434234,03/17/2025 11:35:00 AM
1246,40.77968844949,-73.951976783,03/17/2025 11:35:00 AM
1247,40.76356209443,-73.99691715073,03/17/2025 11:02:00 AM
1248,40.7635867975,-73.99693158917,03/17/2025 10:56:00 AM
1249,40.73557367667,-74.00781935391,03/17/2025 10:56:00 AM
1250,40.71525722106,-73.99741358199,03/17/2025 10:32:00 AM
1251,40.76855547417,-73.9214247609,03/17/2025 10:05:00 AM
1252,40.77882193224,-73.95398496911,03/17/2025 10:02:00 AM
1253,40.71594815863,-73.98667457853,03/17/2025 09:56:00 AM
1254,40.71084248162,-73.91879833448,03/17/2025 09:56:00 AM
1255,40.72712503709,-73.98875050552,03/17/2025 09:53:00 AM
1256,40.76729664976,-73.9842310998,03/17/2025 09:41:00 AM
1257,40.79783365975,-73.95146527108,03/17/2025 09:35:00 AM
1258,40.71594815863,-73.98667457853,03/17/2025 09:17:00 AM
1259,40.76653960122,-73.9884478235,03/17/2025 09:17:00 AM
1260,40.701128778,-73.91882819861,03/17/2025 09:08:00 AM
1261,40.77149570358,-73.92651185025,03/17/2025 09:08:00 AM
1262,40.74163464425,-73.97621862921,03/17/2025 08:59:00 AM
1263,40.73582080365,-74.00618839026,03/17/2025 08:38:00 AM
1264,40.75097105724,-73.97088809985,03/17/2025 08:23:00 AM
1265,40.74775081013,-73.98085044955,03/17/2025 08:23:00 AM
1266,40.75953262587,-73.96370832274,03/17/2025 08:20:00 AM
1267,40.73096715647,-73.95366441819,03/17/2025 08:14:00 AM
1268,40.8530078726,-73.93968792075,03/17/2025 08:14:00 AM
1269,40.8530078726,-73.93968792075,03/17/2025 08:11:00 AM
1270,40.77388448556,-73.98806745175,03/17/2025 07:23:00 AM
1271,40.76362580333,-73.95789054741,03/17/2025 07:14:00 AM
1272,40.7465994803,-73.97427883748,03/17/2025 06:56:00 AM
1273,40.7465994803,-73.97427883748,03/17/2025 06:47:00 AM
1274,40.83942874569,-73.93768722706,03/17/2025 06:44:00 AM
1275,40.7465994803,-73.97427883748,03/17/2025 06:41:00 AM
1276,40.74468032714,-73.98729677522,03/17/2025 06:32:00 AM
1277,40.75480091579,-73.96444722219,03/17/2025 05:47:00 AM
1278,40.75488881096,-73.96465291245,03/17/2025 05:41:00 AM
1279,40.75450486194,-73.96569623372,03/17/2025 05:38:00 AM
1280,40.75497397312,-73.96489830841,03/17/2025 05:35:00 AM
1281,40.81123812916,-73.94967093081,03/17/2025 05:20:00 AM
1282,40.81530310502,-73.90933926987,03/17/2025 04:35:00 AM
1283,40.77388448556,-73.98806745175,03/17/2025 01:23:00 AM
1284,40.77388448556,-73.98806745175,03/17/2025 01:08:00 AM
1285,40.77378839671,-73.98784723164,03/17/2025 01:02:00 AM
1286,40.77378839671,-73.98784723164,03/17/2025 12:59:00 AM
1287,40.77398331982,-73.9882985034,03/17/2025 12:59:00 AM
1288,40.77388448556,-73.98806745175,03/17/2025 12:59:00 AM
1289,40.77411510014,-73.98862703264,03/17/2025 12:56:00 AM
1290,40.77381859642,-73.98791943512,03/17/2025 12:53:00 AM
1291,40.77402999168,-73.9884104195,03/17/2025 12:53:00 AM
1292,40.77378839671,-73.98784723164,03/17/2025 12:53:00 AM
1293,40.77398331982,-73.9882985034,03/17/2025 12:53:00 AM
1294,40.70195145915,-73.95869048794,03/17/2025 12:50:00 AM
1295,40.7523937702,-73.99985923775,03/17/2025 12:20:00 AM
1296,40.75212477927,-74.00115857694,03/17/2025 12:17:00 AM
1297,40.7022232941,-73.95897884531,03/17/2025 12:17:00 AM
1298,40.76317685553,-73.94172220795,03/16/2025 11:11:00 PM
1299,40.80067049147,-73.94865675115,03/16/2025 11:08:00 PM
1300,40.72712503709,-73.98875050552,03/16/2025 10:32:00 PM
1301,40.72712503709,-73.98875050552,03/16/2025 10:29:00 PM
1302,40.75178891181,-73.98471480174,03/16/2025 10:20:00 PM
1303,40.717166955,-73.90853844769,03/16/2025 10:08:00 PM
1304,40.7271881619,-73.98870359186,03/16/2025 09:35:00 PM
1305,40.71776012958,-73.99112576396,03/16/2025 09:17:00 PM
1306,40.69813555419,-73.95683918763,03/16/2025 09:11:00 PM
1307,40.77256245245,-73.95727474197,03/16/2025 08:59:00 PM
1308,40.86323822887,-73.92692384541,03/16/2025 08:56:00 PM
1309,40.76393922284,-73.98028264848,03/16/2025 08:02:00 PM
1310,40.76432291714,-73.97719604038,03/16/2025 08:02:00 PM
1311,40.70631454319,-74.00789527128,03/16/2025 07:47:00 PM
1312,40.72726476709,-73.98640893694,03/16/2025 06:26:00 PM
1313,40.70135671863,-73.93649629509,03/16/2025 06:26:00 PM
1314,40.85068195921,-73.93752848535,03/16/2025 06:23:00 PM
1315,40.85068195921,-73.93752848535,03/16/2025 06:08:00 PM
1316,40.73534880848,-73.99616430773,03/16/2025 05:14:00 PM
1317,40.70009608327,-73.93038815562,03/16/2025 03:32:00 PM
1318,40.86303294323,-73.9278242793,03/16/2025 03:20:00 PM
1319,40.74288581365,-74.00582816914,03/16/2025 03:20:00 PM
1320,40.74053062325,-73.99112994838,03/16/2025 03:02:00 PM
1321,40.74074821392,-73.92108947188,03/16/2025 03:02:00 PM
1322,40.7018869397,-73.90864957489,03/16/2025 02:47:00 PM
1323,40.71776012958,-73.99112576396,03/16/2025 02:47:00 PM
1324,40.71746741224,-73.95118469889,03/16/2025 02:44:00 PM
1325,40.80668082307,-73.92713042937,03/16/2025 02:23:00 PM
1326,40.70070980522,-73.99324143697,03/16/2025 02:14:00 PM
1327,40.80863696509,-73.945468135,03/16/2025 02:08:00 PM
1328,40.705157228,-73.91760782447,03/16/2025 01:47:00 PM
1329,40.70515967512,-73.91719304718,03/16/2025 01:32:00 PM
1330,40.80861402189,-73.95600895548,03/16/2025 01:29:00 PM
1331,40.70515967512,-73.91719304718,03/16/2025 01:29:00 PM
1332,40.80658048463,-73.93864993405,03/16/2025 12:44:00 PM
1333,40.80257325743,-73.95700263841,03/16/2025 12:26:00 PM
1334,40.85046287842,-73.93845041688,03/16/2025 12:20:00 PM
1335,40.85045834031,-73.90707559657,03/16/2025 12:08:00 PM
1336,40.75819598755,-73.93316458548,03/16/2025 11:47:00 AM
1337,40.70181725427,-73.91817818099,03/16/2025 11:44:00 AM
1338,40.72477594048,-73.99444039131,03/16/2025 11:44:00 AM
1339,40.7049312092,-74.00748754822,03/16/2025 10:38:00 AM
1340,40.70548562588,-74.00787353261,03/16/2025 10:26:00 AM
1341,40.83953801628,-73.92317684444,03/16/2025 09:47:00 AM
1342,40.829817282,-73.91304138825,03/16/2025 09:38:00 AM
1343,40.80067049147,-73.94865675115,03/16/2025 09:32:00 AM
1344,40.76289511868,-73.99679444644,03/16/2025 09:32:00 AM
1345,40.82305626512,-73.9424610404,03/16/2025 09:32:00 AM
1346,40.69886606818,-73.94492680443,03/16/2025 09:14:00 AM
1347,40.7588481317,-73.9268290139,03/16/2025 08:47:00 AM
1348,40.71308062067,-73.99721166551,03/16/2025 08:26:00 AM
1349,40.80866559422,-73.92766288289,03/16/2025 07:56:00 AM
1350,40.73147579161,-73.99267905242,03/16/2025 07:56:00 AM
1351,40.80658669263,-73.94001535054,03/16/2025 07:44:00 AM
1352,40.762254191,-73.96002121031,03/16/2025 07:14:00 AM
1353,40.74951374442,-73.97148063446,03/16/2025 06:35:00 AM
1354,40.75861431303,-73.9676577538,03/16/2025 06:35:00 AM
1355,40.70221232018,-73.95899327835,03/16/2025 05:29:00 AM
1356,40.70006976347,-73.98721872065,03/16/2025 05:08:00 AM
1357,40.75598906498,-73.96340705674,03/16/2025 05:02:00 AM
1358,40.83924842109,-73.91344828494,03/16/2025 03:47:00 AM
1359,40.70217935985,-73.95892838036,03/16/2025 03:23:00 AM
1360,40.82040527074,-73.95582051187,03/16/2025 03:23:00 AM
1361,40.72426001703,-74.00315679425,03/16/2025 03:14:00 AM
1362,40.7023139073,-73.95907977373,03/16/2025 02:56:00 AM
1363,40.70240177437,-73.95917709752,03/16/2025 02:53:00 AM
1364,40.70195145915,-73.95869048794,03/16/2025 02:50:00 AM
1365,40.72027974698,-73.96313084406,03/16/2025 02:23:00 AM
1366,40.76432291714,-73.97719604038,03/16/2025 01:29:00 AM
1367,40.72019438052,-73.98736998569,03/16/2025 01:20:00 AM
1368,40.76976642929,-73.93080271319,03/16/2025 01:08:00 AM
1369,40.76432291714,-73.97719604038,03/16/2025 12:59:00 AM
1370,40.70913832189,-74.01402020082,03/16/2025 12:35:00 AM
1371,40.76976642929,-73.93080271319,03/16/2025 12:26:00 AM
1372,40.74154879564,-73.98957446267,03/16/2025 12:11:00 AM
1373,40.73313111021,-74.00050154608,03/16/2025 12:11:00 AM
1374,40.77004350456,-73.93056414905,03/15/2025 11:47:00 PM
1375,40.77027121549,-73.93039422948,03/15/2025 11:14:00 PM
1376,40.70645191623,-74.00559414846,03/15/2025 10:53:00 PM
1377,40.76990908627,-73.93068703732,03/15/2025 10:11:00 PM
1378,40.76432291714,-73.97719604038,03/15/2025 09:47:00 PM
1379,40.86128040014,-73.92558114261,03/15/2025 09:44:00 PM
1380,40.76729380057,-73.95341531868,03/15/2025 08:38:00 PM
1381,40.76990908627,-73.93068703732,03/15/2025 08:35:00 PM
1382,40.80348377775,-73.93742829999,03/15/2025 07:44:00 PM
1383,40.72826183754,-73.99575701374,03/15/2025 07:26:00 PM
1384,40.71604216181,-73.94360315465,03/15/2025 07:11:00 PM
1385,40.72788302507,-73.99486947945,03/15/2025 07:11:00 PM
1386,40.72788302507,-73.99486947945,03/15/2025 07:08:00 PM
1387,40.82810801691,-73.94549553818,03/15/2025 06:59:00 PM
1388,40.74226829447,-73.99525450688,03/15/2025 06:20:00 PM
1389,40.73096715647,-73.95366441819,03/15/2025 06:05:00 PM
1390,40.75939845229,-73.93362541655,03/15/2025 05:56:00 PM
1391,40.78583742284,-73.9706056334,03/15/2025 05:44:00 PM
1392,40.74931687704,-73.99730759511,03/15/2025 05:44:00 PM
1393,40.77607503155,-73.95546359143,03/15/2025 04:38:00 PM
1394,40.73754631949,-73.98408297582,03/15/2025 04:17:00 PM
1395,40.77246630339,-73.95705096029,03/15/2025 03:56:00 PM
1396,40.73568647226,-73.99895356877,03/15/2025 03:47:00 PM
1397,40.72151726362,-73.9422023737,03/15/2025 03:11:00 PM
1398,40.72151726362,-73.9422023737,03/15/2025 03:08:00 PM
1399,40.77383963856,-73.95972541897,03/15/2025 02:32:00 PM
1400,40.79227656115,-73.936532359,03/15/2025 02:23:00 PM
1401,40.8188256745,-73.94611371947,03/15/2025 02:14:00 PM
1402,40.81882727408,-73.9383496124,03/15/2025 01:47:00 PM
1403,40.77600632708,-73.98972071186,03/15/2025 01:11:00 PM
1404,40.75040927812,-73.99696467876,03/15/2025 12:56:00 PM
1405,40.75040927812,-73.99696467876,03/15/2025 12:50:00 PM
1406,40.74951374442,-73.97148063446,03/15/2025 12:47:00 PM
1407,40.78732384271,-73.97733260971,03/15/2025 12:44:00 PM
1408,40.75437850861,-73.96537867191,03/15/2025 12:44:00 PM
1409,40.80482279933,-73.94762770271,03/15/2025 11:38:00 AM
1410,40.7487073155,-73.99227654993,03/15/2025 11:29:00 AM
1411,40.75046600458,-73.94185243079,03/15/2025 11:23:00 AM
1412,40.71872911079,-73.9922475567,03/15/2025 11:17:00 AM
1413,40.74448247235,-73.98533720197,03/15/2025 10:44:00 AM
1414,40.76291977388,-73.99539381998,03/15/2025 10:35:00 AM
1415,40.75939845229,-73.93362541655,03/15/2025 10:29:00 AM
1416,40.7381237927,-74.00238883729,03/15/2025 10:26:00 AM
1417,40.76180495797,-73.98882045394,03/15/2025 10:26:00 AM
1418,40.74581669927,-73.97201633909,03/15/2025 10:14:00 AM
1419,40.76180495797,-73.98882045394,03/15/2025 10:14:00 AM
1420,40.7265637915,-73.94561466898,03/15/2025 10:11:00 AM
1421,40.76729664976,-73.9842310998,03/15/2025 10:05:00 AM
1422,40.71895714137,-74.00323590759,03/15/2025 09:50:00 AM
1423,40.76337543878,-73.99645870415,03/15/2025 09:50:00 AM
1424,40.76333598652,-73.96109269588,03/15/2025 09:47:00 AM
1425,40.74675557397,-73.97272691442,03/15/2025 09:44:00 AM
1426,40.71421684836,-73.94940871916,03/15/2025 09:44:00 AM
1427,40.79717567008,-73.93610872895,03/15/2025 09:32:00 AM
1428,40.72120509742,-73.99670626167,03/15/2025 09:26:00 AM
1429,40.76234888817,-73.99594616315,03/15/2025 09:17:00 AM
1430,40.7635867975,-73.99693158917,03/15/2025 09:17:00 AM
1431,40.7542759786,-73.97187923795,03/15/2025 09:11:00 AM
1432,40.70473377024,-73.9128438842,03/15/2025 08:56:00 AM
1433,40.7373980565,-73.98375103142,03/15/2025 08:50:00 AM
1434,40.72863608163,-73.95177183783,03/15/2025 08:50:00 AM
1435,40.7463964519,-74.00319032385,03/15/2025 08:41:00 AM
1436,40.77269146654,-73.96549912531,03/15/2025 08:38:00 AM
1437,40.73750240943,-73.9841262881,03/15/2025 08:35:00 AM
1438,40.6992952524,-73.93145649065,03/15/2025 08:35:00 AM
1439,40.7463964519,-74.00319032385,03/15/2025 08:32:00 AM
1440,40.73754631949,-73.98408297582,03/15/2025 08:29:00 AM
1441,40.73733774063,-73.98424540694,03/15/2025 08:26:00 AM
1442,40.737282851,-73.98428511309,03/15/2025 08:23:00 AM
1443,40.81831832801,-73.91493510413,03/15/2025 08:20:00 AM
1444,40.7463964519,-74.00319032385,03/15/2025 08:17:00 AM
1445,40.74530400403,-74.00434151205,03/15/2025 08:11:00 AM
1446,40.74565253109,-74.00563713824,03/15/2025 08:02:00 AM
1447,40.70708592331,-74.00624343203,03/15/2025 07:47:00 AM
1448,40.82138173128,-73.95413257822,03/15/2025 07:47:00 AM
1449,40.79616649744,-73.96330551527,03/15/2025 07:44:00 AM
1450,40.77675359398,-73.95707707997,03/15/2025 06:56:00 AM
1451,40.83212679984,-73.94097884144,03/15/2025 05:50:00 AM
1452,40.82975876235,-73.9480344665,03/15/2025 04:29:00 AM
1453,40.73673064941,-73.93552799509,03/15/2025 01:17:00 AM
1454,40.73185448671,-74.00850086276,03/15/2025 01:05:00 AM
1455,40.72579036972,-73.98293127239,03/15/2025 12:56:00 AM
1456,40.75220546996,-73.93537947478,03/15/2025 12:56:00 AM
1457,40.79641322425,-73.94822302186,03/15/2025 12:53:00 AM
1458,40.72934454691,-73.98112273387,03/15/2025 12:47:00 AM
1459,40.72793445362,-73.98612377121,03/14/2025 11:53:00 PM
1460,40.76452019636,-73.97552817787,03/14/2025 11:53:00 PM
1461,40.75746591975,-73.99430771855,03/14/2025 11:53:00 PM
1462,40.75504197769,-73.97277405376,03/14/2025 11:50:00 PM
1463,40.70729111406,-74.0138719316,03/14/2025 11:47:00 PM
1464,40.71620104334,-73.94296452291,03/14/2025 11:44:00 PM
1465,40.73549368307,-73.98765936395,03/14/2025 11:29:00 PM
1466,40.71604761774,-73.94353461093,03/14/2025 11:29:00 PM
1467,40.75834290422,-73.95994414643,03/14/2025 11:29:00 PM
1468,40.70070980522,-73.99324143697,03/14/2025 11:20:00 PM
1469,40.70070980522,-73.99324143697,03/14/2025 11:08:00 PM
1470,40.75834290422,-73.95994414643,03/14/2025 11:05:00 PM
1471,40.79715190863,-73.94901341309,03/14/2025 10:56:00 PM
1472,40.75898052392,-73.96243441859,03/14/2025 10:47:00 PM
1473,40.70678372273,-74.01013155465,03/14/2025 10:41:00 PM
1474,40.71293508933,-73.99537923844,03/14/2025 10:35:00 PM
1475,40.81116168292,-73.90980369588,03/14/2025 10:17:00 PM
1476,40.71604216181,-73.94360315465,03/14/2025 10:17:00 PM
1477,40.74631296965,-73.98348540304,03/14/2025 10:14:00 PM
1478,40.72389702447,-73.94231214994,03/14/2025 10:14:00 PM
1479,40.77067568109,-73.98623039449,03/14/2025 10:05:00 PM
1480,40.70678372273,-74.01013155465,03/14/2025 10:02:00 PM
1481,40.70755501614,-74.00996214942,03/14/2025 10:02:00 PM
1482,40.73493567972,-73.98153971767,03/14/2025 09:56:00 PM
1483,40.77836328173,-73.98314527023,03/14/2025 09:47:00 PM
1484,40.71604216181,-73.94360315465,03/14/2025 08:32:00 PM
1485,40.71604216181,-73.94360315465,03/14/2025 08:20:00 PM
1486,40.7355527498,-73.95852532125,03/14/2025 07:38:00 PM
1487,40.74509248708,-73.95578384121,03/14/2025 06:38:00 PM
1488,40.70853637426,-73.94597564087,03/14/2025 06:29:00 PM
1489,40.76706125312,-73.99006866049,03/14/2025 05:08:00 PM
1490,40.76105089024,-73.90957555464,03/14/2025 05:05:00 PM
1491,40.82381439162,-73.93828356817,03/14/2025 04:50:00 PM
1492,40.79878493668,-73.96320655319,03/14/2025 03:47:00 PM
1493,40.73339977942,-74.00855518379,03/14/2025 03:44:00 PM
1494,40.77687672576,-73.94937555653,03/14/2025 03:32:00 PM
1495,40.74973870175,-73.98561755834,03/14/2025 03:17:00 PM
1496,40.75082551046,-73.97059220875,03/14/2025 02:23:00 PM
1497,40.76405592808,-73.99224228078,03/14/2025 02:05:00 PM
1498,40.87013609839,-73.91551602336,03/14/2025 01:26:00 PM
1499,40.76990908627,-73.93068703732,03/14/2025 01:11:00 PM
1500,40.7025120069,-73.91863897173,03/14/2025 12:56:00 PM
1501,40.73488141454,-73.98601046597,03/14/2025 12:41:00 PM
1502,40.74878507092,-73.97799896868,03/14/2025 11:59:00 AM
1503,40.73978256845,-73.97950312127,03/14/2025 10:50:00 AM
1504,40.72961708186,-73.98691719292,03/14/2025 10:23:00 AM
1505,40.8169753396,-73.93977115524,03/14/2025 10:23:00 AM
1506,40.70009608327,-73.93038815562,03/14/2025 10:17:00 AM
1507,40.71594815863,-73.98667457853,03/14/2025 09:17:00 AM
1508,40.7166362118,-73.9804914392,03/14/2025 08:47:00 AM
1509,40.75573329706,-73.95430411419,03/14/2025 08:47:00 AM
1510,40.74931687704,-73.99730759511,03/14/2025 08:23:00 AM
1511,40.70009608327,-73.93038815562,03/14/2025 08:14:00 AM
1512,40.75094908739,-73.97084118972,03/14/2025 07:59:00 AM
1513,40.71671931272,-73.98564632768,03/14/2025 06:44:00 AM
1514,40.71299319147,-73.95744639046,03/14/2025 06:23:00 AM
1515,40.70192819263,-74.01058884939,03/14/2025 05:47:00 AM
1516,40.78468387344,-73.97982873643,03/14/2025 04:29:00 AM
1517,40.73409420698,-74.0084903236,03/14/2025 03:50:00 AM
1518,40.78657985313,-73.97649868923,03/14/2025 03:20:00 AM
1519,40.75294972669,-73.96975029968,03/14/2025 02:50:00 AM
1520,40.81052825132,-73.93048217588,03/14/2025 02:11:00 AM
1521,40.80015914886,-73.9468403704,03/14/2025 02:02:00 AM
1522,40.81787844247,-73.93994375426,03/14/2025 01:50:00 AM
1523,40.77384511794,-73.95969653204,03/14/2025 12:29:00 AM
1524,40.77364206279,-73.95985551432,03/14/2025 12:14:00 AM
1525,40.7049312092,-74.00748754822,03/14/2025 12:08:00 AM
1526,40.70729111406,-74.0138719316,03/14/2025 12:02:00 AM
1527,40.74196019987,-73.9865935928,03/13/2025 11:56:00 PM
1528,40.70723621574,-74.01389716808,03/13/2025 11:56:00 PM
1529,40.7984575996,-73.96103243869,03/13/2025 11:44:00 PM
1530,40.75866396123,-73.95972015638,03/13/2025 11:41:00 PM
1531,40.79214050642,-73.95009707285,03/13/2025 11:41:00 PM
1532,40.82642774203,-73.95045075559,03/13/2025 11:41:00 PM
1533,40.75834290422,-73.95994414643,03/13/2025 11:38:00 PM
1534,40.75038859813,-73.94076613496,03/13/2025 11:32:00 PM
1535,40.85029667969,-73.93567094185,03/13/2025 11:29:00 PM
1536,40.75052027537,-73.94062886874,03/13/2025 11:29:00 PM
1537,40.76305821133,-73.95947924768,03/13/2025 11:20:00 PM
1538,40.74630297922,-74.00670905397,03/13/2025 10:59:00 PM
1539,40.72801328424,-73.98078396198,03/13/2025 10:53:00 PM
1540,40.77084539992,-73.98284029839,03/13/2025 10:26:00 PM
1541,40.73298563933,-74.00001082471,03/13/2025 10:23:00 PM
1542,40.78082147316,-73.97685458293,03/13/2025 10:20:00 PM
1543,40.75771002001,-73.92001177131,03/13/2025 10:11:00 PM
1544,40.73853418893,-73.98242281243,03/13/2025 10:11:00 PM
1545,40.76590317352,-73.99276912863,03/13/2025 10:05:00 PM
1546,40.7049312092,-74.00748754822,03/13/2025 10:05:00 PM
1547,40.79875151896,-73.9617293445,03/13/2025 09:47:00 PM
1548,40.81338993396,-73.95625868044,03/13/2025 09:11:00 PM
1549,40.7651653801,-73.96547053411,03/13/2025 09:05:00 PM
1550,40.79793853233,-73.96011535594,03/13/2025 08:53:00 PM
1551,40.75457842476,-73.93809866631,03/13/2025 08:08:00 PM
1552,40.78395995057,-73.94728301284,03/13/2025 07:38:00 PM
1553,40.73229715479,-73.97700494109,03/13/2025 07:20:00 PM
1554,40.79847682855,-73.96107938067,03/13/2025 07:20:00 PM
1555,40.75946567716,-73.91861271941,03/13/2025 06:32:00 PM
1556,40.81831832801,-73.91493510413,03/13/2025 06:26:00 PM
1557,40.72484743403,-73.99899703253,03/13/2025 06:17:00 PM
1558,40.78337422969,-73.95102805091,03/13/2025 06:14:00 PM
1559,40.70777155364,-74.0129630997,03/13/2025 05:56:00 PM
1560,40.78364428326,-73.95361331617,03/13/2025 05:44:00 PM
1561,40.74203481329,-74.00796085258,03/13/2025 05:35:00 PM
1562,40.71752338307,-74.01546853216,03/13/2025 05:29:00 PM
1563,40.82680471929,-73.93569726673,03/13/2025 04:53:00 PM
1564,40.75515617532,-73.91085768896,03/13/2025 04:14:00 PM
1565,40.72709615337,-73.97861586742,03/13/2025 04:11:00 PM
1566,40.72341408159,-73.9883109902,03/13/2025 03:50:00 PM
1567,40.85197729803,-73.9372308639,03/13/2025 03:32:00 PM
1568,40.85108799075,-73.93718832739,03/13/2025 03:29:00 PM
1569,40.7029462133,-73.98664832456,03/13/2025 03:17:00 PM
1570,40.81543236103,-73.95720386746,03/13/2025 03:11:00 PM
1571,40.76660758567,-73.92272307066,03/13/2025 02:50:00 PM
1572,40.78352257533,-73.95133487481,03/13/2025 02:47:00 PM
1573,40.71006098959,-73.990091581,03/13/2025 02:32:00 PM
1574,40.69841280535,-73.9569183482,03/13/2025 01:41:00 PM
1575,40.75096007277,-73.97086644938,03/13/2025 12:47:00 PM
1576,40.77335058756,-73.91381915639,03/13/2025 12:23:00 PM
1577,40.73517044739,-74.00191964518,03/13/2025 11:44:00 AM
1578,40.73145590795,-73.98557820658,03/13/2025 11:14:00 AM
1579,40.72407877313,-73.994462096,03/13/2025 11:14:00 AM
1580,40.7192370654,-73.99552670873,03/13/2025 11:14:00 AM
1581,40.7344636883,-73.98221460378,03/13/2025 11:05:00 AM
1582,40.73271515352,-73.98141404504,03/13/2025 10:59:00 AM
1583,40.70009608327,-73.93038815562,03/13/2025 10:35:00 AM
1584,40.71594815863,-73.98667457853,03/13/2025 10:26:00 AM
1585,40.72905185657,-73.98875739629,03/13/2025 10:08:00 AM
1586,40.73559564536,-74.00766058783,03/13/2025 09:56:00 AM
1587,40.71965635644,-73.96211386941,03/13/2025 09:32:00 AM
1588,40.85062531521,-73.93437659014,03/13/2025 09:20:00 AM
1589,40.69812159911,-73.99545599849,03/13/2025 09:11:00 AM
1590,40.76250034281,-73.97686816928,03/13/2025 09:08:00 AM
1591,40.7423165,-73.98271051399,03/13/2025 09:08:00 AM
1592,40.7423165,-73.98271051399,03/13/2025 08:53:00 AM
1593,40.7118699212,-74.00821696069,03/13/2025 08:47:00 AM
1594,40.75592345871,-73.99644105292,03/13/2025 08:35:00 AM
1595,40.7553223727,-73.99689948483,03/13/2025 08:32:00 AM
1596,40.7553223727,-73.99689948483,03/13/2025 08:26:00 AM
1597,40.7184508079,-73.98241367917,03/13/2025 08:17:00 AM
1598,40.7553223727,-73.99689948483,03/13/2025 08:17:00 AM
1599,40.73873742059,-73.98322746521,03/13/2025 08:08:00 AM
1600,40.7553223727,-73.99689948483,03/13/2025 08:05:00 AM
1601,40.78468387344,-73.97982873643,03/13/2025 07:53:00 AM
1602,40.75097105724,-73.97088809985,03/13/2025 07:47:00 AM
1603,40.71957414357,-73.96251074241,03/13/2025 07:35:00 AM
1604,40.7553223727,-73.99689948483,03/13/2025 07:32:00 AM
1605,40.77256245245,-73.95727474197,03/13/2025 07:29:00 AM
1606,40.85068195921,-73.93752848535,03/13/2025 07:26:00 AM
1607,40.80676757332,-73.95106141045,03/13/2025 06:59:00 AM
1608,40.71747761809,-73.94349371806,03/13/2025 06:56:00 AM
1609,40.75914149339,-73.96833972251,03/13/2025 06:47:00 AM
1610,40.78604750712,-73.9771560997,03/13/2025 06:23:00 AM
1611,40.74468032714,-73.98729677522,03/13/2025 06:17:00 AM
1612,40.86109779569,-73.9276094681,03/13/2025 05:50:00 AM
1613,40.71730755779,-73.99744236154,03/13/2025 02:50:00 AM
1614,40.7662928589,-73.99175827463,03/13/2025 01:11:00 AM
1615,40.69831946843,-73.95687873854,03/13/2025 01:11:00 AM
1616,40.76223947633,-73.97629790797,03/13/2025 01:02:00 AM
1617,40.76166827709,-73.97491556119,03/13/2025 12:59:00 AM
1618,40.76542825312,-73.99158871186,03/13/2025 12:56:00 AM
1619,40.76594160283,-73.99281605476,03/13/2025 12:56:00 AM
1620,40.8298780979,-73.94494845084,03/13/2025 12:53:00 AM
1621,40.72104045714,-73.99934341852,03/13/2025 12:38:00 AM
1622,40.69833594648,-73.95690397242,03/13/2025 12:38:00 AM
1623,40.76166827709,-73.97491556119,03/13/2025 12:32:00 AM
1624,40.8188256745,-73.94611371947,03/13/2025 12:29:00 AM
1625,40.69841280535,-73.9569183482,03/13/2025 12:17:00 AM
1626,40.69841280535,-73.9569183482,03/13/2025 12:11:00 AM
1627,40.76250034281,-73.97686816928,03/13/2025 12:11:00 AM
1628,40.76240148546,-73.97663717443,03/13/2025 12:11:00 AM
1629,40.69813555419,-73.95683918763,03/13/2025 12:08:00 AM
1630,40.69813555419,-73.95683918763,03/12/2025 11:56:00 PM
1631,40.81834968082,-73.92040494512,03/12/2025 11:47:00 PM
1632,40.76236030259,-73.97657943162,03/12/2025 11:44:00 PM
1633,40.75231605995,-73.98594544676,03/12/2025 11:35:00 PM
1634,40.74840001479,-74.0058358697,03/12/2025 11:23:00 PM
1635,40.77246630339,-73.95705096029,03/12/2025 11:23:00 PM
1636,40.74147149263,-73.98542808204,03/12/2025 11:20:00 PM
1637,40.84993120837,-73.93491223308,03/12/2025 10:47:00 PM
1638,40.84993120837,-73.93491223308,03/12/2025 10:44:00 PM
1639,40.85029667969,-73.93567094185,03/12/2025 10:29:00 PM
1640,40.77907537545,-73.97473207773,03/12/2025 10:23:00 PM
1641,40.77246630339,-73.95705096029,03/12/2025 10:17:00 PM
1642,40.78402918521,-73.94864791755,03/12/2025 09:50:00 PM
1643,40.85427983831,-73.93192213754,03/12/2025 09:47:00 PM
1644,40.77246630339,-73.95705096029,03/12/2025 09:47:00 PM
1645,40.77256245245,-73.95727474197,03/12/2025 09:41:00 PM
1646,40.79232259962,-73.94051213757,03/12/2025 09:38:00 PM
1647,40.82524863979,-73.91479616786,03/12/2025 09:38:00 PM
1648,40.77897650286,-73.97445047834,03/12/2025 09:32:00 PM
1649,40.7082660467,-74.00823094405,03/12/2025 09:32:00 PM
1650,40.77246630339,-73.95705096029,03/12/2025 09:17:00 PM
1651,40.77935273675,-73.97539273972,03/12/2025 09:14:00 PM
1652,40.7585978476,-73.96766859067,03/12/2025 09:08:00 PM
1653,40.79978087122,-73.97147715783,03/12/2025 09:02:00 PM
1654,40.82155754203,-73.95450821324,03/12/2025 08:59:00 PM
1655,40.76160794681,-73.94986004407,03/12/2025 08:56:00 PM
1656,40.76594160283,-73.99281605476,03/12/2025 08:53:00 PM
1657,40.71511134259,-73.98998982667,03/12/2025 08:53:00 PM
1658,40.82810801691,-73.94549553818,03/12/2025 08:50:00 PM
1659,40.71384614962,-73.93787677593,03/12/2025 08:44:00 PM
1660,40.77246630339,-73.95705096029,03/12/2025 08:44:00 PM
1661,40.73995103358,-73.98652182478,03/12/2025 07:50:00 PM
1662,40.82419795129,-73.94222880941,03/12/2025 06:47:00 PM
1663,40.78865274077,-73.94576618128,03/12/2025 06:20:00 PM
1664,40.78040794854,-73.98207595378,03/12/2025 04:59:00 PM
1665,40.77226571049,-73.96444150869,03/12/2025 04:50:00 PM
1666,40.78338270547,-73.97891194463,03/12/2025 04:38:00 PM
1667,40.77100133576,-73.96766617926,03/12/2025 03:44:00 PM
1668,40.73747328062,-73.95636986279,03/12/2025 03:26:00 PM
1669,40.70009608327,-73.93038815562,03/12/2025 02:29:00 PM
1670,40.70893306663,-74.00761424047,03/12/2025 02:20:00 PM
1671,40.70893306663,-74.00761424047,03/12/2025 02:17:00 PM
1672,40.7656201907,-73.96284582424,03/12/2025 02:05:00 PM
1673,40.71920048312,-73.96138180781,03/12/2025 01:08:00 PM
1674,40.77818117679,-73.91361792737,03/12/2025 01:05:00 PM
1675,40.72678978447,-73.98527254472,03/12/2025 12:59:00 PM
1676,40.77784274198,-73.95572237727,03/12/2025 12:11:00 PM
1677,40.7778011908,-73.95474391437,03/12/2025 11:56:00 AM
1678,40.73514299956,-74.00193768616,03/12/2025 11:44:00 AM
1679,40.70009608327,-73.93038815562,03/12/2025 11:44:00 AM
1680,40.76401575086,-73.96689343806,03/12/2025 11:26:00 AM
1681,40.69966709493,-73.91677431,03/12/2025 11:11:00 AM
1682,40.79057669479,-73.95170529982,03/12/2025 11:11:00 AM
1683,40.6983302275,-73.99617365025,03/12/2025 10:41:00 AM
1684,40.69820120704,-73.9957084379,03/12/2025 10:26:00 AM
1685,40.71995827398,-73.96209566012,03/12/2025 10:26:00 AM
1686,40.69822317034,-73.99584908436,03/12/2025 10:23:00 AM
1687,40.80024509669,-73.95533906394,03/12/2025 10:20:00 AM
1688,40.79582871977,-73.96275673161,03/12/2025 10:14:00 AM
1689,40.74489736937,-73.9726879774,03/12/2025 09:56:00 AM
1690,40.77899359493,-73.95094100437,03/12/2025 09:53:00 AM
1691,40.77036926767,-73.95010255594,03/12/2025 09:23:00 AM
1692,40.82138173128,-73.95413257822,03/12/2025 09:23:00 AM
1693,40.72728525304,-73.97711490838,03/12/2025 09:20:00 AM
1694,40.77347374569,-73.91707560733,03/12/2025 08:59:00 AM
1695,40.79978087122,-73.97147715783,03/12/2025 08:56:00 AM
1696,40.7349616271,-74.00735741402,03/12/2025 08:35:00 AM
1697,40.7560579606,-73.9967586806,03/12/2025 08:35:00 AM
1698,40.79621920146,-73.9650896487,03/12/2025 08:32:00 AM
1699,40.69812159911,-73.99545599849,03/12/2025 08:29:00 AM
1700,40.80024509669,-73.95533906394,03/12/2025 08:14:00 AM
1701,40.69822317034,-73.99584908436,03/12/2025 08:08:00 AM
1702,40.71609006262,-73.95961241441,03/12/2025 07:53:00 AM
1703,40.75090789239,-73.97074736833,03/12/2025 07:50:00 AM
1704,40.71976895668,-73.96231221911,03/12/2025 07:23:00 AM
1705,40.74644510728,-73.94792261377,03/12/2025 07:20:00 AM
1706,40.71976895668,-73.96231221911,03/12/2025 06:56:00 AM
1707,40.7278921159,-73.97852541296,03/12/2025 06:38:00 AM
1708,40.76570458047,-73.96985641687,03/12/2025 06:35:00 AM
1709,40.74468032714,-73.98729677522,03/12/2025 06:35:00 AM
1710,40.86439401119,-73.90809735025,03/12/2025 06:26:00 AM
1711,40.69812159911,-73.99545599849,03/12/2025 06:23:00 AM
1712,40.75919971206,-73.98461925002,03/12/2025 06:14:00 AM
1713,40.69812159911,-73.99545599849,03/12/2025 06:11:00 AM
1714,40.75861214343,-73.98323328949,03/12/2025 06:05:00 AM
1715,40.75861214343,-73.98323328949,03/12/2025 06:02:00 AM
1716,40.69812159911,-73.99545599849,03/12/2025 05:50:00 AM
1717,40.69822317034,-73.99584908436,03/12/2025 05:44:00 AM
1718,40.69812159911,-73.99545599849,03/12/2025 05:32:00 AM
1719,40.70878213157,-74.00719581968,03/12/2025 05:14:00 AM
1720,40.69812159911,-73.99545599849,03/12/2025 04:47:00 AM
1721,40.78468387344,-73.97982873643,03/12/2025 04:20:00 AM
1722,40.77234382522,-73.95268610162,03/12/2025 03:47:00 AM
1723,40.82381439162,-73.93828356817,03/12/2025 02:50:00 AM
1724,40.82381439162,-73.93828356817,03/12/2025 02:47:00 AM
1725,40.75771002001,-73.92001177131,03/12/2025 02:17:00 AM
1726,40.71334844365,-73.94138702119,03/12/2025 01:53:00 AM
1727,40.75771002001,-73.92001177131,03/12/2025 01:50:00 AM
1728,40.79970412882,-73.9719250606,03/12/2025 01:38:00 AM
1729,40.79214050642,-73.95009707285,03/12/2025 01:38:00 AM
1730,40.79456723168,-73.96628955799,03/12/2025 01:26:00 AM
1731,40.76408063608,-73.99232169619,03/12/2025 01:11:00 AM
1732,40.82155754203,-73.95450821324,03/12/2025 01:02:00 AM
1733,40.77632098163,-73.9600127651,03/12/2025 12:59:00 AM
1734,40.76405592808,-73.99224228078,03/12/2025 12:32:00 AM
1735,40.70722027664,-74.00844001179,03/12/2025 12:32:00 AM
1736,40.79834200989,-73.94093656031,03/12/2025 12:26:00 AM
1737,40.76722752778,-73.96842252079,03/12/2025 12:23:00 AM
1738,40.7618738027,-73.9734426844,03/11/2025 11:47:00 PM
1739,40.73540245351,-73.98260405698,03/11/2025 11:41:00 PM
1740,40.70743666625,-74.01319387326,03/11/2025 11:02:00 PM
1741,40.77162290438,-73.95504777042,03/11/2025 10:50:00 PM
1742,40.81548064319,-73.94206657927,03/11/2025 10:38:00 PM
1743,40.76000685878,-73.91927624342,03/11/2025 10:29:00 PM
1744,40.7468877835,-74.00228449082,03/11/2025 10:23:00 PM
1745,40.77102399632,-73.95364737878,03/11/2025 10:14:00 PM
1746,40.74448953327,-73.91749061412,03/11/2025 10:11:00 PM
1747,40.78082147316,-73.97685458293,03/11/2025 10:11:00 PM
1748,40.78338270547,-73.97891194463,03/11/2025 10:11:00 PM
1749,40.72984234899,-73.98878612746,03/11/2025 09:41:00 PM
1750,40.75203145898,-73.99895692129,03/11/2025 09:41:00 PM
1751,40.71863096648,-73.95754379979,03/11/2025 09:32:00 PM
1752,40.71882970952,-73.98325051246,03/11/2025 09:32:00 PM
1753,40.71981797618,-73.94164468093,03/11/2025 09:26:00 PM
1754,40.8055762494,-73.95079498556,03/11/2025 09:08:00 PM
1755,40.73112986609,-74.00857293305,03/11/2025 09:02:00 PM
1756,40.73985772297,-73.98661566751,03/11/2025 08:59:00 PM
1757,40.81116168292,-73.90980369588,03/11/2025 08:53:00 PM
1758,40.71609006262,-73.95961241441,03/11/2025 08:20:00 PM
1759,40.71609006262,-73.95961241441,03/11/2025 08:14:00 PM
1760,40.80784531652,-73.95553264048,03/11/2025 08:14:00 PM
1761,40.80784531652,-73.95553264048,03/11/2025 08:02:00 PM
1762,40.74242753474,-73.95630887845,03/11/2025 07:35:00 PM
1763,40.72389702447,-73.94231214994,03/11/2025 07:29:00 PM
1764,40.73585919836,-73.99324508849,03/11/2025 07:20:00 PM
1765,40.71566751682,-73.96003472457,03/11/2025 07:14:00 PM
1766,40.72071069015,-73.99042910954,03/11/2025 06:32:00 PM
1767,40.7813473457,-73.94812641134,03/11/2025 06:14:00 PM
1768,40.72226733316,-74.00275264228,03/11/2025 06:05:00 PM
1769,40.72127711111,-73.97779159332,03/11/2025 05:53:00 PM
1770,40.72067334826,-73.97823191815,03/11/2025 05:50:00 PM
1771,40.71339296532,-73.94838490615,03/11/2025 05:50:00 PM
1772,40.72341408159,-73.9883109902,03/11/2025 05:41:00 PM
1773,40.74984164766,-73.91354640045,03/11/2025 05:35:00 PM
1774,40.72067334826,-73.97823191815,03/11/2025 05:35:00 PM
1775,40.77337790306,-73.96635083024,03/11/2025 04:50:00 PM
1776,40.76401575086,-73.96689343806,03/11/2025 03:14:00 PM
1777,40.73473402703,-74.00217582417,03/11/2025 02:50:00 PM
1778,40.80456058074,-73.96560180665,03/11/2025 02:44:00 PM
1779,40.7199033978,-73.9621534118,03/11/2025 02:23:00 PM
1780,40.73191954813,-73.98389308635,03/11/2025 02:17:00 PM
1781,40.74892779587,-73.91374608704,03/11/2025 01:56:00 PM
1782,40.70070251568,-73.9257387552,03/11/2025 01:41:00 PM
1783,40.79210564183,-73.96780399851,03/11/2025 01:41:00 PM
1784,40.71976846791,-73.96084756543,03/11/2025 12:59:00 PM
1785,40.75016636629,-73.940946791,03/11/2025 12:14:00 PM
1786,40.76606749243,-73.91961907065,03/11/2025 12:05:00 PM
1787,40.81100089403,-73.94134798516,03/11/2025 11:23:00 AM
1788,40.74464967113,-73.95347084976,03/11/2025 10:41:00 AM
1789,40.7671154394,-73.97009404402,03/11/2025 10:26:00 AM
1790,40.72032045802,-73.96172026873,03/11/2025 10:23:00 AM
1791,40.73557367667,-74.00781935391,03/11/2025 09:59:00 AM
1792,40.73742928207,-73.99489761221,03/11/2025 09:59:00 AM
1793,40.77279460149,-73.96180563826,03/11/2025 09:53:00 AM
1794,40.74477417682,-74.00630109706,03/11/2025 09:29:00 AM
1795,40.7830481006,-73.95220546072,03/11/2025 09:17:00 AM
1796,40.7103660129,-73.9495595294,03/11/2025 09:05:00 AM
1797,40.76472657751,-73.9781417109,03/11/2025 08:59:00 AM
1798,40.77963376842,-73.91083575248,03/11/2025 08:53:00 AM
1799,40.7025120069,-73.91863897173,03/11/2025 08:47:00 AM
1800,40.70913832189,-74.01402020082,03/11/2025 08:38:00 AM
1801,40.79582871977,-73.96275673161,03/11/2025 08:35:00 AM
1802,40.70009608327,-73.93038815562,03/11/2025 08:32:00 AM
1803,40.74752089728,-73.98523908956,03/11/2025 08:32:00 AM
1804,40.72389702447,-73.94231214994,03/11/2025 08:32:00 AM
1805,40.76472657751,-73.9781417109,03/11/2025 08:23:00 AM
1806,40.76186840666,-73.9928345431,03/11/2025 07:53:00 AM
1807,40.84243811158,-73.91389952109,03/11/2025 07:38:00 AM
1808,40.85438040778,-73.93027367488,03/11/2025 07:23:00 AM
1809,40.71576936013,-73.95349101094,03/11/2025 07:17:00 AM
1810,40.7554294243,-73.99715214156,03/11/2025 06:50:00 AM
1811,40.75136468044,-73.93876214238,03/11/2025 06:38:00 AM
1812,40.78305116322,-73.95297820202,03/11/2025 06:38:00 AM
1813,40.78306458547,-73.95224516936,03/11/2025 06:38:00 AM
1814,40.75705241266,-73.92165851235,03/11/2025 06:32:00 AM
1815,40.78305116322,-73.95297820202,03/11/2025 06:20:00 AM
1816,40.74468032714,-73.98729677522,03/11/2025 05:59:00 AM
1817,40.86198131304,-73.92717106267,03/11/2025 05:47:00 AM
1818,40.71645941081,-74.0031997129,03/11/2025 04:41:00 AM
1819,40.7225115707,-73.9745009866,03/11/2025 04:35:00 AM
1820,40.75991249797,-73.95880975786,03/11/2025 03:47:00 AM
1821,40.71825174064,-73.99685431264,03/11/2025 03:14:00 AM
1822,40.73454465512,-74.0010139384,03/11/2025 02:11:00 AM
1823,40.79254793654,-73.94103559883,03/11/2025 01:08:00 AM
1824,40.79254793654,-73.94103559883,03/11/2025 01:02:00 AM
1825,40.7370610405,-73.98866583344,03/11/2025 12:35:00 AM
1826,40.7916558476,-73.94093526923,03/11/2025 12:20:00 AM
1827,40.83942874569,-73.93768722706,03/10/2025 11:38:00 PM
1828,40.86041182487,-73.92793557844,03/10/2025 11:35:00 PM
1829,40.74182759186,-73.90728123889,03/10/2025 11:29:00 PM
1830,40.75643170633,-73.92108172096,03/10/2025 11:17:00 PM
1831,40.81087154695,-73.95252505167,03/10/2025 11:14:00 PM
1832,40.7812269826,-73.95567318577,03/10/2025 11:14:00 PM
1833,40.74649255469,-74.00132449156,03/10/2025 11:11:00 PM
1834,40.7350372661,-73.98173093199,03/10/2025 11:02:00 PM
1835,40.71585410155,-73.95986506911,03/10/2025 11:02:00 PM
1836,40.74675055204,-74.00195967767,03/10/2025 10:50:00 PM
1837,40.78057936352,-73.95603469857,03/10/2025 10:44:00 PM
1838,40.74675055204,-74.00195967767,03/10/2025 10:41:00 PM
1839,40.79416341145,-73.93382189458,03/10/2025 10:41:00 PM
1840,40.71494652135,-74.01146387466,03/10/2025 10:38:00 PM
1841,40.78090384557,-73.97700620932,03/10/2025 10:38:00 PM
1842,40.7198178076,-73.98314564593,03/10/2025 10:35:00 PM
1843,40.78085441578,-73.97688345813,03/10/2025 10:35:00 PM
1844,40.74649255469,-74.00132449156,03/10/2025 10:23:00 PM
1845,40.71478736716,-74.01103458428,03/10/2025 10:20:00 PM
1846,40.76926355488,-73.95803500102,03/10/2025 10:11:00 PM
1847,40.7812269826,-73.95567318577,03/10/2025 09:56:00 PM
1848,40.81166610409,-73.90902993625,03/10/2025 09:44:00 PM
1849,40.80676757332,-73.95106141045,03/10/2025 09:44:00 PM
1850,40.765957524,-73.91553265485,03/10/2025 09:44:00 PM
1851,40.78100819423,-73.97725171039,03/10/2025 09:29:00 PM
1852,40.79411951444,-73.93385444218,03/10/2025 09:26:00 PM
1853,40.71444971852,-74.01147461092,03/10/2025 08:35:00 PM
1854,40.76537423742,-73.97762526948,03/10/2025 08:35:00 PM
1855,40.72726476709,-73.98640893694,03/10/2025 08:29:00 PM
1856,40.76594655034,-73.91553988882,03/10/2025 08:20:00 PM
1857,40.76537423742,-73.97762526948,03/10/2025 08:11:00 PM
1858,40.76048664033,-73.96020636733,03/10/2025 07:44:00 PM
1859,40.71485048274,-74.01117888495,03/10/2025 07:35:00 PM
1860,40.79307007666,-73.94230277097,03/10/2025 07:20:00 PM
1861,40.72032045802,-73.96172026873,03/10/2025 06:47:00 PM
1862,40.73488141454,-73.98601046597,03/10/2025 06:41:00 PM
1863,40.70009608327,-73.93038815562,03/10/2025 06:23:00 PM
1864,40.74533475365,-73.91352698658,03/10/2025 06:02:00 PM
1865,40.79411951444,-73.93385444218,03/10/2025 05:41:00 PM
1866,40.76468814221,-73.9780947941,03/10/2025 05:26:00 PM
1867,40.77319451264,-73.94602788918,03/10/2025 05:11:00 PM
1868,40.71496824659,-73.95438256376,03/10/2025 04:56:00 PM
1869,40.79066409626,-73.94464501997,03/10/2025 03:56:00 PM
1870,40.73153912,-73.99721450128,03/10/2025 02:26:00 PM
1871,40.76640184143,-73.92288937164,03/10/2025 02:17:00 PM
1872,40.7501707376,-73.91317422887,03/10/2025 01:17:00 PM
1873,40.76472657751,-73.9781417109,03/10/2025 12:41:00 PM
1874,40.75459904884,-73.98142598614,03/10/2025 11:20:00 AM
1875,40.74517467647,-73.9553868079,03/10/2025 11:02:00 AM
1876,40.72270006208,-73.98501008781,03/10/2025 10:53:00 AM
1877,40.73810274932,-73.97933042933,03/10/2025 10:38:00 AM
1878,40.71835786123,-73.941837154,03/10/2025 10:26:00 AM
1879,40.78382989308,-73.97782489419,03/10/2025 10:14:00 AM
1880,40.83506065329,-73.94608611505,03/10/2025 09:53:00 AM
1881,40.72416902935,-74.01022439168,03/10/2025 09:50:00 AM
1882,40.76056475936,-73.99480559664,03/10/2025 09:35:00 AM
1883,40.70009608327,-73.93038815562,03/10/2025 09:14:00 AM
1884,40.71525722106,-73.99741358199,03/10/2025 08:47:00 AM
1885,40.72261037168,-74.0045312405,03/10/2025 08:44:00 AM
1886,40.71305280482,-73.95540830774,03/10/2025 08:29:00 AM
1887,40.77008046782,-73.95532319037,03/10/2025 08:29:00 AM
1888,40.71576936013,-73.95349101094,03/10/2025 07:53:00 AM
1889,40.77918017382,-73.95079282652,03/10/2025 07:44:00 AM
1890,40.75938410124,-73.98889305361,03/10/2025 07:35:00 AM
1891,40.77246630339,-73.95705096029,03/10/2025 06:53:00 AM
1892,40.71525722106,-73.99741358199,03/10/2025 06:17:00 AM
1893,40.74468032714,-73.98729677522,03/10/2025 06:05:00 AM
1894,40.74154879564,-73.98957446267,03/10/2025 01:59:00 AM
1895,40.77312614271,-73.98195515969,03/10/2025 01:50:00 AM
1896,40.74691465448,-73.92365537995,03/10/2025 12:50:00 AM
1897,40.77312614271,-73.98195515969,03/10/2025 12:02:00 AM
1898,40.71884620077,-73.95340228451,03/09/2025 11:44:00 PM
1899,40.84143570979,-73.93877319739,03/09/2025 11:20:00 PM
1900,40.77312614271,-73.98195515969,03/09/2025 11:02:00 PM
1901,40.77312614271,-73.98195515969,03/09/2025 10:56:00 PM
1902,40.76660896902,-73.9649896478,03/09/2025 10:50:00 PM
1903,40.78062469233,-73.94640461345,03/09/2025 10:32:00 PM
1904,40.7457333111,-73.98020864031,03/09/2025 10:11:00 PM
1905,40.78006506356,-73.94704778435,03/09/2025 07:53:00 PM
1906,40.70631454319,-74.00789527128,03/09/2025 07:41:00 PM
1907,40.81664023914,-73.94476431172,03/09/2025 06:59:00 PM
1908,40.70009608327,-73.93038815562,03/09/2025 06:44:00 PM
1909,40.73859041018,-74.00186922414,03/09/2025 06:20:00 PM
1910,40.69886606818,-73.94492680443,03/09/2025 05:35:00 PM
1911,40.78131176495,-73.9722541817,03/09/2025 05:32:00 PM
1912,40.71550994943,-73.95693976282,03/09/2025 04:44:00 PM
1913,40.71550994943,-73.95693976282,03/09/2025 04:35:00 PM
1914,40.75819598755,-73.93316458548,03/09/2025 02:47:00 PM
1915,40.74700906073,-73.97718753089,03/09/2025 01:56:00 PM
1916,40.7874902146,-73.972479112,03/09/2025 12:17:00 PM
1917,40.82430859144,-73.90941733008,03/09/2025 12:05:00 PM
1918,40.73605114113,-74.00945401664,03/09/2025 11:50:00 AM
1919,40.80482279933,-73.94762770271,03/09/2025 11:44:00 AM
1920,40.73285112415,-73.99773763979,03/09/2025 11:23:00 AM
1921,40.78062469233,-73.94640461345,03/09/2025 10:59:00 AM
1922,40.8221669536,-73.94241483941,03/09/2025 10:08:00 AM
1923,40.85166040909,-73.90693655949,03/09/2025 09:08:00 AM
1924,40.87560568563,-73.91107949987,03/09/2025 09:05:00 AM
1925,40.87560568563,-73.91107949987,03/09/2025 08:59:00 AM
1926,40.83885461391,-73.93679149774,03/09/2025 08:53:00 AM
1927,40.75446423236,-73.96756592435,03/09/2025 08:41:00 AM
1928,40.75471966284,-73.96817218167,03/09/2025 08:38:00 AM
1929,40.75471966284,-73.96817218167,03/09/2025 08:35:00 AM
1930,40.75487620955,-73.96852222093,03/09/2025 08:35:00 AM
1931,40.87577840022,-73.91081891775,03/09/2025 08:17:00 AM
1932,40.85166040909,-73.90693655949,03/09/2025 08:14:00 AM
1933,40.80689261712,-73.92358658505,03/09/2025 08:08:00 AM
1934,40.77737402483,-73.95053058425,03/09/2025 07:08:00 AM
1935,40.8503198832,-73.91253384217,03/09/2025 03:41:00 AM
1936,40.76825754911,-73.93202451143,03/09/2025 03:05:00 AM
1937,40.70729405975,-74.01209014995,03/09/2025 01:41:00 AM
1938,40.83546591986,-73.91678512639,03/09/2025 12:38:00 AM
1939,40.72775324134,-73.98564755902,03/09/2025 12:32:00 AM
1940,40.73569743624,-73.97476656938,03/08/2025 11:50:00 PM
1941,40.73180674932,-73.96019462911,03/08/2025 11:41:00 PM
1942,40.85029667969,-73.93567094185,03/08/2025 11:38:00 PM
1943,40.73387219093,-74.0009561956,03/08/2025 10:44:00 PM
1944,40.72430077867,-74.01021358859,03/08/2025 09:47:00 PM
1945,40.7775093594,-73.98114879696,03/08/2025 09:44:00 PM
1946,40.82810801691,-73.94549553818,03/08/2025 09:05:00 PM
1947,40.7160806781,-73.99976913138,03/08/2025 08:56:00 PM
1948,40.76748982241,-73.92449461002,03/08/2025 08:23:00 PM
1949,40.77850812484,-73.9792926123,03/08/2025 08:05:00 PM
1950,40.79989155169,-73.93858386149,03/08/2025 07:44:00 PM
1951,40.8019512369,-73.96872751421,03/08/2025 07:41:00 PM
1952,40.82609344445,-73.95176624088,03/08/2025 07:29:00 PM
1953,40.69869237991,-73.93311604636,03/08/2025 07:14:00 PM
1954,40.74880896134,-73.91267073026,03/08/2025 06:23:00 PM
1955,40.77960604414,-73.95182519034,03/08/2025 05:50:00 PM
1956,40.74892779587,-73.91374608704,03/08/2025 05:47:00 PM
1957,40.79601481469,-73.94728791329,03/08/2025 05:35:00 PM
1958,40.86449362216,-73.92024487024,03/08/2025 04:50:00 PM
1959,40.77636194438,-73.94603615372,03/08/2025 03:59:00 PM
1960,40.72341408159,-73.9883109902,03/08/2025 03:38:00 PM
1961,40.77787095382,-73.95775877633,03/08/2025 03:32:00 PM
1962,40.73511261299,-74.00696412027,03/08/2025 02:05:00 PM
1963,40.71557311531,-73.95703711898,03/08/2025 01:59:00 PM
1964,40.70729123714,-73.9546150487,03/08/2025 01:14:00 PM
1965,40.81752811516,-73.9191197629,03/08/2025 12:50:00 PM
1966,40.75129722785,-73.94099631774,03/08/2025 12:29:00 PM
1967,40.73448016183,-73.98224707425,03/08/2025 12:26:00 PM
1968,40.73645225037,-74.00171400188,03/08/2025 12:17:00 PM
1969,40.80482279933,-73.94762770271,03/08/2025 12:17:00 PM
1970,40.7105043182,-73.95917574229,03/08/2025 12:14:00 PM
1971,40.76296100754,-73.99739007037,03/08/2025 11:56:00 AM
1972,40.76357581786,-73.99690632041,03/08/2025 11:50:00 AM
1973,40.72033754944,-73.95579665701,03/08/2025 11:41:00 AM
1974,40.82477076641,-73.95242841796,03/08/2025 11:38:00 AM
1975,40.70610072605,-73.92890671089,03/08/2025 11:23:00 AM
1976,40.83506065329,-73.94608611505,03/08/2025 10:44:00 AM
1977,40.79601481469,-73.94728791329,03/08/2025 10:35:00 AM
1978,40.81264631486,-73.95679021497,03/08/2025 10:20:00 AM
1979,40.72082573883,-73.98796511658,03/08/2025 10:11:00 AM
1980,40.73645225037,-74.00171400188,03/08/2025 10:11:00 AM
1981,40.76274372451,-73.98950616776,03/08/2025 10:05:00 AM
1982,40.73559564536,-74.00766058783,03/08/2025 09:53:00 AM
1983,40.76234888817,-73.99594616315,03/08/2025 09:50:00 AM
1984,40.73511261299,-74.00696412027,03/08/2025 09:47:00 AM
1985,40.73511261299,-74.00696412027,03/08/2025 09:44:00 AM
1986,40.80658669263,-73.94001535054,03/08/2025 09:35:00 AM
1987,40.81831832801,-73.91493510413,03/08/2025 09:23:00 AM
1988,40.76234888817,-73.99594616315,03/08/2025 09:23:00 AM
1989,40.70967618113,-74.01492927179,03/08/2025 09:11:00 AM
1990,40.71901707349,-73.95515900856,03/08/2025 09:11:00 AM
1991,40.7677317093,-73.93400339435,03/08/2025 09:08:00 AM
1992,40.77918017382,-73.95079282652,03/08/2025 09:05:00 AM
1993,40.72843734693,-73.99267217024,03/08/2025 09:02:00 AM
1994,40.77960604414,-73.95182519034,03/08/2025 09:02:00 AM
1995,40.74653183757,-73.91778402048,03/08/2025 08:59:00 AM
1996,40.70716899449,-73.96630850797,03/08/2025 08:53:00 AM
1997,40.7677317093,-73.93400339435,03/08/2025 08:53:00 AM
1998,40.77062288565,-73.95995842204,03/08/2025 08:53:00 AM
1999,40.72848674977,-73.99262886888,03/08/2025 08:50:00 AM
2000,40.75664249629,-73.99430778892,03/08/2025 08:47:00 AM
2001,40.70098936892,-73.92367912025,03/08/2025 08:44:00 AM
2002,40.72869259501,-73.99245205388,03/08/2025 08:44:00 AM
2003,40.7628522168,-73.96772789304,03/08/2025 08:41:00 AM
2004,40.80482279933,-73.94762770271,03/08/2025 08:38:00 AM
2005,40.7635867975,-73.99693158917,03/08/2025 08:35:00 AM
2006,40.7635867975,-73.99693158917,03/08/2025 08:20:00 AM
2007,40.77014787028,-73.95945688274,03/08/2025 08:17:00 AM
2008,40.72632073442,-73.98787392731,03/08/2025 08:08:00 AM
2009,40.77043355125,-73.96011016707,03/08/2025 08:05:00 AM
2010,40.76342363433,-73.98293245769,03/08/2025 07:56:00 AM
2011,40.76336597757,-73.9828169562,03/08/2025 07:53:00 AM
2012,40.8104097491,-73.93935805413,03/08/2025 07:47:00 AM
2013,40.76343062513,-73.96521152161,03/08/2025 07:41:00 AM
2014,40.81096121122,-73.93892766827,03/08/2025 07:41:00 AM
2015,40.7608088833,-73.92413759924,03/08/2025 06:56:00 AM
2016,40.78035565415,-73.95975397503,03/08/2025 05:38:00 AM
2017,40.79997877462,-73.94273381901,03/08/2025 04:02:00 AM
2018,40.72909237387,-73.98335617375,03/08/2025 03:44:00 AM
2019,40.72383445116,-73.993711706,03/08/2025 02:29:00 AM
2020,40.72596887747,-73.98360950386,03/08/2025 01:35:00 AM
2021,40.72753569146,-73.95956939829,03/08/2025 01:29:00 AM
2022,40.73185448671,-74.00850086276,03/08/2025 12:41:00 AM
2023,40.72775324134,-73.98564755902,03/08/2025 12:38:00 AM
2024,40.78000336478,-73.94426030679,03/08/2025 12:35:00 AM
2025,40.8551351612,-73.93020781607,03/08/2025 12:35:00 AM
2026,40.78062469233,-73.94640461345,03/08/2025 12:32:00 AM
2027,40.78002016989,-73.94496078534,03/08/2025 12:29:00 AM
2028,40.78062469233,-73.94640461345,03/08/2025 12:23:00 AM
2029,40.79219843984,-73.96598378446,03/08/2025 12:17:00 AM
2030,40.79438161816,-73.94143124694,03/08/2025 12:05:00 AM
2031,40.72210787884,-73.99181063822,03/08/2025 12:05:00 AM
2032,40.78048732258,-73.94611946987,03/08/2025 12:05:00 AM
2033,40.85029667969,-73.93567094185,03/08/2025 12:02:00 AM
2034,40.78087722471,-73.94644051851,03/08/2025 12:02:00 AM
2035,40.77999271219,-73.94493914333,03/07/2025 11:53:00 PM
2036,40.78048732258,-73.94611946987,03/07/2025 11:53:00 PM
2037,40.78048732258,-73.94611946987,03/07/2025 11:50:00 PM
2038,40.78048732258,-73.94611946987,03/07/2025 11:47:00 PM
2039,40.75372164397,-73.97230898588,03/07/2025 11:41:00 PM
2040,40.78062469233,-73.94640461345,03/07/2025 11:35:00 PM
2041,40.78131623749,-73.94612963169,03/07/2025 11:35:00 PM
2042,40.78000336478,-73.94426030679,03/07/2025 11:29:00 PM
2043,40.78070985457,-73.94656703198,03/07/2025 11:23:00 PM
2044,40.78090404681,-73.9451117098,03/07/2025 11:17:00 PM
2045,40.78062469233,-73.94640461345,03/07/2025 11:08:00 PM
2046,40.77158242215,-73.96493648857,03/07/2025 10:59:00 PM
2047,40.73854791764,-73.98245528565,03/07/2025 10:59:00 PM
2048,40.78109672952,-73.94628146477,03/07/2025 10:29:00 PM
2049,40.78150032806,-73.94654473245,03/07/2025 10:26:00 PM
2050,40.73342412363,-73.98751902505,03/07/2025 10:17:00 PM
2051,40.74756153922,-73.90748258227,03/07/2025 10:08:00 PM
2052,40.78058913082,-73.96025573751,03/07/2025 10:02:00 PM
2053,40.80011875579,-73.96283740454,03/07/2025 10:02:00 PM
2054,40.78017434567,-73.95930995686,03/07/2025 09:56:00 PM
2055,40.84931142575,-73.93584177847,03/07/2025 09:56:00 PM
2056,40.78129989455,-73.9599014494,03/07/2025 09:56:00 PM
2057,40.7152186048,-74.00709551085,03/07/2025 09:35:00 PM
2058,40.76914877218,-73.92623284457,03/07/2025 09:32:00 PM
2059,40.7192496292,-73.98305560227,03/07/2025 09:29:00 PM
2060,40.78062469233,-73.94640461345,03/07/2025 09:08:00 PM
2061,40.71987041419,-73.98661968141,03/07/2025 08:44:00 PM
2062,40.78069065314,-73.94659232315,03/07/2025 08:05:00 PM
2063,40.7554294243,-73.99715214156,03/07/2025 07:44:00 PM
2064,40.78131623749,-73.94612963169,03/07/2025 07:20:00 PM
2065,40.78069065314,-73.94659232315,03/07/2025 07:14:00 PM
2066,40.76456298634,-73.92729924874,03/07/2025 07:02:00 PM
2067,40.79455899221,-73.96627150429,03/07/2025 06:56:00 PM
2068,40.74756153922,-73.90748258227,03/07/2025 06:56:00 PM
2069,40.82523620248,-73.9496820227,03/07/2025 06:38:00 PM
2070,40.80133368725,-73.96877837153,03/07/2025 06:35:00 PM
2071,40.73739027643,-73.98737394309,03/07/2025 06:32:00 PM
2072,40.73084679793,-73.98750868342,03/07/2025 06:26:00 PM
2073,40.70849202491,-73.95811293569,03/07/2025 05:35:00 PM
2074,40.72582685403,-73.98967794203,03/07/2025 04:56:00 PM
2075,40.79307007666,-73.94230277097,03/07/2025 04:44:00 PM
2076,40.8089483413,-73.9423395795,03/07/2025 04:44:00 PM
2077,40.70001436781,-73.91877906511,03/07/2025 04:35:00 PM
2078,40.73085502946,-73.98748342502,03/07/2025 04:35:00 PM
2079,40.74818876047,-73.99639093928,03/07/2025 04:35:00 PM
2080,40.8531384523,-73.93749726007,03/07/2025 03:38:00 PM
2081,40.77006240087,-73.90678342792,03/07/2025 03:20:00 PM
2082,40.71126410719,-73.9577613087,03/07/2025 02:47:00 PM
2083,40.72736337531,-73.95387257614,03/07/2025 02:23:00 PM
2084,40.77202126489,-73.95601507607,03/07/2025 02:20:00 PM
2085,40.76943954754,-73.95185781599,03/07/2025 02:17:00 PM
2086,40.76862053292,-73.96391637037,03/07/2025 01:11:00 PM
2087,40.79215609705,-73.97181267743,03/07/2025 01:05:00 PM
2088,40.80916400328,-73.95881540152,03/07/2025 12:26:00 PM
2089,40.71507269412,-73.95475404088,03/07/2025 12:14:00 PM
2090,40.75699467476,-73.92151419868,03/07/2025 11:56:00 AM
2091,40.70891876323,-73.94211230327,03/07/2025 11:56:00 AM
2092,40.84421656447,-73.93965613439,03/07/2025 11:50:00 AM
2093,40.78384234295,-73.94820029841,03/07/2025 11:41:00 AM
2094,40.74675557397,-73.97272691442,03/07/2025 11:11:00 AM
2095,40.79878493668,-73.96320655319,03/07/2025 10:50:00 AM
2096,40.82059010939,-73.95835309357,03/07/2025 10:41:00 AM
2097,40.79892213377,-73.96308367577,03/07/2025 10:41:00 AM
2098,40.71226933701,-73.98073078695,03/07/2025 10:32:00 AM
2099,40.80416840752,-73.96670008657,03/07/2025 10:02:00 AM
2100,40.76330526254,-73.98072685139,03/07/2025 09:56:00 AM
2101,40.74506751725,-73.972576032,03/07/2025 09:35:00 AM
2102,40.7638580127,-73.98869015258,03/07/2025 09:17:00 AM
2103,40.78979145919,-73.96649059853,03/07/2025 09:02:00 AM
2104,40.78805644527,-73.94432217799,03/07/2025 09:02:00 AM
2105,40.72032045802,-73.96172026873,03/07/2025 08:56:00 AM
2106,40.74213379006,-73.99498025278,03/07/2025 08:38:00 AM
2107,40.7392985399,-73.99730799994,03/07/2025 08:29:00 AM
2108,40.70009608327,-73.93038815562,03/07/2025 08:02:00 AM
2109,40.72391970859,-74.00063857112,03/07/2025 07:59:00 AM
2110,40.73977248655,-73.98538875897,03/07/2025 07:32:00 AM
2111,40.73322705136,-74.00539433429,03/07/2025 07:23:00 AM
2112,40.72012290118,-73.96191879697,03/07/2025 07:17:00 AM
2113,40.78993694777,-73.96655191782,03/07/2025 07:02:00 AM
2114,40.71161077109,-73.96006962062,03/07/2025 06:56:00 AM
2115,40.7554294243,-73.99715214156,03/07/2025 06:53:00 AM
2116,40.71799338054,-73.95542303939,03/07/2025 06:47:00 AM
2117,40.82918479496,-73.92292862938,03/07/2025 05:53:00 AM
2118,40.81426446102,-73.9472192692,03/07/2025 05:50:00 AM
2119,40.74676655895,-73.97275217281,03/07/2025 05:23:00 AM
2120,40.72056490184,-73.98717871454,03/07/2025 05:23:00 AM
2121,40.72082573883,-73.98796511658,03/07/2025 01:14:00 AM
2122,40.71638808732,-73.99901880386,03/07/2025 01:11:00 AM
2123,40.7207681019,-73.98799398759,03/07/2025 01:11:00 AM
2124,40.77405746597,-73.98868119942,03/07/2025 01:08:00 AM
2125,40.78070985457,-73.94656703198,03/07/2025 12:32:00 AM
2126,40.73890607035,-73.99941541362,03/07/2025 12:17:00 AM
2127,40.76356466757,-73.99299680583,03/07/2025 12:05:00 AM
2128,40.78087722471,-73.94644051851,03/07/2025 12:02:00 AM
2129,40.71920604022,-73.98544738011,03/06/2025 11:56:00 PM
2130,40.78087722471,-73.94644051851,03/06/2025 11:53:00 PM
2131,40.80426215169,-73.93538311855,03/06/2025 11:53:00 PM
2132,40.72023519816,-73.98447672523,03/06/2025 11:35:00 PM
2133,40.76364351888,-73.98513443926,03/06/2025 11:32:00 PM
2134,40.7192496292,-73.98305560227,03/06/2025 11:23:00 PM
2135,40.74661333101,-74.00024180135,03/06/2025 11:23:00 PM
2136,40.74208163211,-73.99480703767,03/06/2025 11:20:00 PM
2137,40.74281180204,-73.99657888656,03/06/2025 11:17:00 PM
2138,40.72251094923,-73.98730100094,03/06/2025 11:11:00 PM
2139,40.73853418893,-73.98242281243,03/06/2025 11:08:00 PM
2140,40.78109672952,-73.94628146477,03/06/2025 11:02:00 PM
2141,40.72251094923,-73.98730100094,03/06/2025 11:02:00 PM
2142,40.78062469233,-73.94640461345,03/06/2025 10:59:00 PM
2143,40.78082147316,-73.97685458293,03/06/2025 10:41:00 PM
2144,40.78087722471,-73.94644051851,03/06/2025 10:29:00 PM
2145,40.78069065314,-73.94659232315,03/06/2025 10:29:00 PM
2146,40.70872280465,-73.94000242246,03/06/2025 10:29:00 PM
2147,40.78131623749,-73.94612963169,03/06/2025 10:26:00 PM
2148,40.78087722471,-73.94644051851,03/06/2025 10:20:00 PM
2149,40.72003115705,-73.9786722473,03/06/2025 10:17:00 PM
2150,40.77257345949,-73.95735055294,03/06/2025 10:14:00 PM
2151,40.74232328349,-73.99906894431,03/06/2025 10:02:00 PM
2152,40.74679676909,-73.97282794915,03/06/2025 10:02:00 PM
2153,40.78051480029,-73.94618444228,03/06/2025 09:56:00 PM
2154,40.71245533522,-73.95084929962,03/06/2025 09:56:00 PM
2155,40.75696728422,-73.96701605599,03/06/2025 09:02:00 PM
2156,40.75693160977,-73.9670413404,03/06/2025 08:53:00 PM
2157,40.7207681019,-73.98799398759,03/06/2025 08:53:00 PM
2158,40.7152186048,-74.00709551085,03/06/2025 08:44:00 PM
2159,40.70913832189,-74.01402020082,03/06/2025 08:41:00 PM
2160,40.75946567716,-73.91861271941,03/06/2025 08:41:00 PM
2161,40.7567642123,-73.96715331852,03/06/2025 08:35:00 PM
2162,40.75707705124,-73.9669365917,03/06/2025 08:26:00 PM
2163,40.78062469233,-73.94640461345,03/06/2025 07:53:00 PM
2164,40.75815989713,-73.96259370386,03/06/2025 07:47:00 PM
2165,40.76228575365,-73.99579455436,03/06/2025 07:38:00 PM
2166,40.75941749012,-73.995614252,03/06/2025 06:44:00 PM
2167,40.81590063915,-73.95441453631,03/06/2025 04:44:00 PM
2168,40.75529211028,-73.99492151006,03/06/2025 04:41:00 PM
2169,40.75016636629,-73.940946791,03/06/2025 04:20:00 PM
2170,40.76973003782,-73.95769895583,03/06/2025 03:53:00 PM
2171,40.7063637163,-73.91593638584,03/06/2025 03:41:00 PM
2172,40.70967618113,-74.01492927179,03/06/2025 03:23:00 PM
2173,40.77697928211,-73.95170794017,03/06/2025 03:20:00 PM
2174,40.77006240087,-73.90678342792,03/06/2025 03:11:00 PM
2175,40.72344486544,-74.00064938973,03/06/2025 02:59:00 PM
2176,40.7819756858,-73.94767456024,03/06/2025 02:53:00 PM
2177,40.8665569562,-73.92753844657,03/06/2025 02:38:00 PM
2178,40.72344486544,-74.00064938973,03/06/2025 02:20:00 PM
2179,40.7819756858,-73.94767456024,03/06/2025 01:41:00 PM
2180,40.78798178519,-73.9736056088,03/06/2025 01:32:00 PM
2181,40.75266090923,-73.97937644239,03/06/2025 01:23:00 PM
2182,40.79181348917,-73.97386411234,03/06/2025 01:14:00 PM
2183,40.77373114296,-73.91254056574,03/06/2025 01:05:00 PM
2184,40.7819756858,-73.94767456024,03/06/2025 12:59:00 PM
2185,40.85497848522,-73.9298320354,03/06/2025 12:23:00 PM
2186,40.78798178519,-73.9736056088,03/06/2025 11:44:00 AM
2187,40.74371178298,-73.97330918019,03/06/2025 10:44:00 AM
2188,40.7061657949,-73.91935586967,03/06/2025 10:38:00 AM
2189,40.74244199324,-73.90675711489,03/06/2025 10:32:00 AM
2190,40.74682467606,-74.00044751437,03/06/2025 10:32:00 AM
2191,40.85599030364,-73.92824402178,03/06/2025 10:14:00 AM
2192,40.74371178298,-73.97330918019,03/06/2025 10:11:00 AM
2193,40.74489736937,-73.9726879774,03/06/2025 09:38:00 AM
2194,40.72082573883,-73.98796511658,03/06/2025 09:14:00 AM
2195,40.7767916824,-73.92032463738,03/06/2025 09:08:00 AM
2196,40.72582685403,-73.98967794203,03/06/2025 08:41:00 AM
2197,40.72632073442,-73.98787392731,03/06/2025 08:32:00 AM
2198,40.72632073442,-73.98787392731,03/06/2025 08:11:00 AM
2199,40.74826831316,-73.97439368324,03/06/2025 08:08:00 AM
2200,40.74638722005,-73.91898959316,03/06/2025 08:05:00 AM
2201,40.72632073442,-73.98787392731,03/06/2025 08:05:00 AM
2202,40.72632073442,-73.98787392731,03/06/2025 07:59:00 AM
2203,40.71319293927,-73.95580139512,03/06/2025 07:56:00 AM
2204,40.73977248655,-73.98538875897,03/06/2025 07:29:00 AM
2205,40.70549610834,-73.94800149152,03/06/2025 06:56:00 AM
2206,40.70441244173,-73.94328117774,03/06/2025 06:56:00 AM
2207,40.71644987758,-73.94673398322,03/06/2025 06:53:00 AM
2208,40.75129722785,-73.94099631774,03/06/2025 06:41:00 AM
2209,40.74177979605,-73.99734759554,03/06/2025 06:38:00 AM
2210,40.84957172119,-73.94010671106,03/06/2025 02:23:00 AM
2211,40.73662480684,-73.99069745621,03/06/2025 01:44:00 AM
2212,40.73662480684,-73.99069745621,03/06/2025 01:41:00 AM
2213,40.73662480684,-73.99069745621,03/06/2025 01:29:00 AM
2214,40.73662480684,-73.99069745621,03/06/2025 01:20:00 AM
2215,40.81735829307,-73.94258880254,03/06/2025 01:02:00 AM
2216,40.79511903736,-73.94515416365,03/06/2025 12:59:00 AM
2217,40.8350571239,-73.92503227094,03/06/2025 12:50:00 AM
2218,40.76886146141,-73.95445034421,03/06/2025 12:41:00 AM
2219,40.85027161495,-73.94009523705,03/06/2025 12:38:00 AM
2220,40.76816911699,-73.95278654135,03/06/2025 12:29:00 AM
2221,40.76839990747,-73.95335678247,03/06/2025 12:26:00 AM
2222,40.76884772486,-73.95441786197,03/06/2025 12:23:00 AM
2223,40.76880924271,-73.95427709135,03/06/2025 12:23:00 AM
2224,40.76887518082,-73.95443950428,03/06/2025 12:23:00 AM
2225,40.76887519795,-73.95448282645,03/06/2025 12:23:00 AM
2226,40.77209686173,-73.96010556041,03/06/2025 12:23:00 AM
2227,40.76816911699,-73.95278654135,03/06/2025 12:20:00 AM
2228,40.79737741266,-73.93864396866,03/06/2025 12:02:00 AM
2229,40.7812269826,-73.95567318577,03/05/2025 11:02:00 PM
2230,40.77836328173,-73.98314527023,03/05/2025 10:47:00 PM
2231,40.71377010056,-73.97732155175,03/05/2025 10:44:00 PM
2232,40.72148854901,-73.95833204713,03/05/2025 10:26:00 PM
2233,40.76331859157,-73.966911834,03/05/2025 10:11:00 PM
2234,40.72349741751,-73.95064273114,03/05/2025 09:05:00 PM
2235,40.78047771577,-73.95579284133,03/05/2025 08:05:00 PM
2236,40.81144227423,-73.95210198308,03/05/2025 07:47:00 PM
2237,40.72486330181,-73.98819528648,03/05/2025 07:35:00 PM
2238,40.73886852672,-73.97928328054,03/05/2025 07:08:00 PM
2239,40.81229365911,-73.95337298354,03/05/2025 06:14:00 PM
2240,40.76899517389,-73.95251880177,03/05/2025 04:38:00 PM
2241,40.8157483973,-73.93967110932,03/05/2025 04:32:00 PM
2242,40.7880536415,-73.97585537152,03/05/2025 03:50:00 PM
2243,40.75560509843,-73.9976105358,03/05/2025 03:11:00 PM
2244,40.73919065606,-73.96172747016,03/05/2025 03:08:00 PM
2245,40.7242380054,-73.99527743736,03/05/2025 02:59:00 PM
2246,40.78506716403,-73.97488146835,03/05/2025 02:44:00 PM
2247,40.84996035166,-73.90901732421,03/05/2025 02:35:00 PM
2248,40.69819523654,-73.9886363773,03/05/2025 01:38:00 PM
2249,40.70009608327,-73.93038815562,03/05/2025 12:41:00 PM
2250,40.78222299382,-73.94829905265,03/05/2025 12:23:00 PM
2251,40.71594815863,-73.98667457853,03/05/2025 12:11:00 PM
2252,40.74128850775,-74.00139295316,03/05/2025 11:53:00 AM
2253,40.75459904884,-73.98142598614,03/05/2025 11:44:00 AM
2254,40.78402918521,-73.94864791755,03/05/2025 11:14:00 AM
2255,40.78333327906,-73.97879640938,03/05/2025 11:11:00 AM
2256,40.77935273675,-73.97539273972,03/05/2025 11:08:00 AM
2257,40.85433589165,-73.93889507066,03/05/2025 11:08:00 AM
2258,40.73206057336,-74.00439116382,03/05/2025 11:08:00 AM
2259,40.78935498178,-73.97752331667,03/05/2025 10:35:00 AM
2260,40.76243100212,-73.93784228976,03/05/2025 10:23:00 AM
2261,40.75580464922,-73.96181177068,03/05/2025 10:14:00 AM
2262,40.78402918521,-73.94864791755,03/05/2025 10:08:00 AM
2263,40.76978642404,-73.92760763681,03/05/2025 10:08:00 AM
2264,40.8063209327,-73.91843983607,03/05/2025 09:56:00 AM
2265,40.7132255111,-73.95485990265,03/05/2025 09:41:00 AM
2266,40.73558466104,-74.00773997088,03/05/2025 09:35:00 AM
2267,40.72582685403,-73.98967794203,03/05/2025 08:26:00 AM
2268,40.71976895668,-73.96231221911,03/05/2025 07:17:00 AM
2269,40.76468814221,-73.9780947941,03/05/2025 07:05:00 AM
2270,40.75108103078,-73.98685162091,03/05/2025 06:59:00 AM
2271,40.82232516005,-73.91069906155,03/05/2025 06:41:00 AM
2272,40.72909237387,-73.98335617375,03/05/2025 06:05:00 AM
2273,40.81258478347,-73.92722511668,03/05/2025 05:50:00 AM
2274,40.7242380054,-73.99527743736,03/05/2025 04:14:00 AM
2275,40.7242380054,-73.99527743736,03/05/2025 03:23:00 AM
2276,40.73185448671,-74.00850086276,03/05/2025 02:20:00 AM
2277,40.70801656927,-73.94379389585,03/05/2025 02:17:00 AM
2278,40.7242380054,-73.99527743736,03/05/2025 02:08:00 AM
2279,40.72452070849,-73.99511145949,03/05/2025 02:05:00 AM
2280,40.72441092063,-73.99516919191,03/05/2025 02:05:00 AM
2281,40.76399460949,-73.96075297888,03/05/2025 01:02:00 AM
2282,40.7633655384,-73.95924080839,03/05/2025 01:02:00 AM
2283,40.7639369231,-73.96061583613,03/05/2025 12:59:00 AM
2284,40.7639945935,-73.96070604997,03/05/2025 12:59:00 AM
2285,40.7633655384,-73.95924080839,03/05/2025 12:56:00 AM
2286,40.7639369231,-73.96061583613,03/05/2025 12:53:00 AM
2287,40.76399460949,-73.96075297888,03/05/2025 12:50:00 AM
2288,40.75948598133,-73.99302972172,03/05/2025 12:35:00 AM
2289,40.76009646351,-73.96761732735,03/05/2025 12:23:00 AM
2290,40.73386639161,-74.00850111943,03/05/2025 12:11:00 AM
2291,40.75178891181,-73.98471480174,03/05/2025 12:08:00 AM
2292,40.7243779852,-73.99520887978,03/05/2025 12:02:00 AM
2293,40.70797786257,-74.00800367479,03/04/2025 11:47:00 PM
2294,40.70670070719,-74.01604671793,03/04/2025 11:44:00 PM
2295,40.75170129125,-73.9864003421,03/04/2025 11:17:00 PM
2296,40.70376448805,-73.91234382605,03/04/2025 11:14:00 PM
2297,40.85029667969,-73.93567094185,03/04/2025 11:08:00 PM
2298,40.71882970952,-73.98325051246,03/04/2025 10:50:00 PM
2299,40.73521408143,-73.99171521011,03/04/2025 10:32:00 PM
2300,40.73968507288,-73.98917780828,03/04/2025 10:20:00 PM
2301,40.77246630339,-73.95705096029,03/04/2025 10:20:00 PM
2302,40.74499284843,-73.98422194336,03/04/2025 09:56:00 PM
2303,40.8070505631,-73.95173308142,03/04/2025 09:44:00 PM
2304,40.77836328173,-73.98314527023,03/04/2025 08:53:00 PM
2305,40.79852053504,-73.95314064086,03/04/2025 08:50:00 PM
2306,40.717166955,-73.90853844769,03/04/2025 08:14:00 PM
2307,40.74245296654,-73.97817067094,03/04/2025 07:38:00 PM
2308,40.75406516067,-73.99392541497,03/04/2025 06:44:00 PM
2309,40.70009608327,-73.93038815562,03/04/2025 05:59:00 PM
2310,40.87653745986,-73.9128139478,03/04/2025 05:44:00 PM
2311,40.76327830175,-73.96095916406,03/04/2025 03:41:00 PM
2312,40.77836602091,-73.94693720385,03/04/2025 02:47:00 PM
2313,40.72582685403,-73.98967794203,03/04/2025 02:44:00 PM
2314,40.76330526254,-73.98072685139,03/04/2025 02:17:00 PM
2315,40.77388448556,-73.98806745175,03/04/2025 02:14:00 PM
2316,40.73352077507,-73.99541389358,03/04/2025 02:08:00 PM
2317,40.87369588062,-73.90821466511,03/04/2025 02:05:00 PM
2318,40.73608625463,-73.98515862937,03/04/2025 02:05:00 PM
2319,40.72581812515,-73.95399270476,03/04/2025 02:02:00 PM
2320,40.73206057336,-74.00439116382,03/04/2025 01:38:00 PM
2321,40.83214495821,-73.92933936893,03/04/2025 01:26:00 PM
2322,40.72529208154,-74.00131685457,03/04/2025 01:26:00 PM
2323,40.8538667443,-73.93926782563,03/04/2025 01:02:00 PM
2324,40.73675948881,-74.00655653849,03/04/2025 12:56:00 PM
2325,40.73658390141,-73.99496984559,03/04/2025 12:32:00 PM
2326,40.77012834017,-73.92575881666,03/04/2025 12:26:00 PM
2327,40.77607503155,-73.95546359143,03/04/2025 12:17:00 PM
2328,40.77015420542,-73.92758557551,03/04/2025 12:08:00 PM
2329,40.80931302516,-73.9537074102,03/04/2025 11:29:00 AM
2330,40.7812269826,-73.95567318577,03/04/2025 11:14:00 AM
2331,40.7611925074,-73.985477914,03/04/2025 10:56:00 AM
2332,40.82046857723,-73.94363749683,03/04/2025 10:17:00 AM
2333,40.80347351218,-73.96507861993,03/04/2025 10:17:00 AM
2334,40.83944257305,-73.90894497211,03/04/2025 09:08:00 AM
2335,40.70009608327,-73.93038815562,03/04/2025 08:32:00 AM
2336,40.76079242198,-73.92414844723,03/04/2025 08:32:00 AM
2337,40.78085409263,-73.9567097427,03/04/2025 08:26:00 AM
2338,40.73736073291,-73.99683897659,03/04/2025 08:02:00 AM
2339,40.7189841153,-73.95510491854,03/04/2025 07:38:00 AM
2340,40.70950556625,-74.01800236892,03/04/2025 07:38:00 AM
2341,40.77916808339,-73.95477909277,03/04/2025 07:26:00 AM
2342,40.7711565069,-73.99132804637,03/04/2025 07:02:00 AM
2343,40.7199033978,-73.9621534118,03/04/2025 06:59:00 AM
2344,40.73101953301,-73.98591024906,03/04/2025 06:50:00 AM
2345,40.76484549169,-73.96078857712,03/04/2025 06:47:00 AM
2346,40.72251430054,-74.00464667942,03/04/2025 06:38:00 AM
2347,40.73353442563,-73.99384429649,03/04/2025 06:08:00 AM
2348,40.80503242801,-73.9647888306,03/04/2025 06:05:00 AM
2349,40.70950556625,-74.01800236892,03/04/2025 04:53:00 AM
2350,40.75544040391,-73.99717740727,03/04/2025 02:59:00 AM
2351,40.78487647583,-73.98272835079,03/04/2025 01:47:00 AM
2352,40.70274158178,-73.92528205199,03/04/2025 01:23:00 AM
2353,40.7812269826,-73.95567318577,03/04/2025 01:11:00 AM
2354,40.74433787257,-73.9962395761,03/04/2025 12:56:00 AM
2355,40.74433787257,-73.9962395761,03/04/2025 12:50:00 AM
2356,40.74433787257,-73.9962395761,03/04/2025 12:47:00 AM
2357,40.70162903741,-73.9896780821,03/04/2025 12:44:00 AM
2358,40.70512038765,-74.01022147008,03/04/2025 12:41:00 AM
2359,40.74758365054,-73.9825503498,03/04/2025 12:17:00 AM
2360,40.74733914962,-73.98116455216,03/04/2025 12:05:00 AM
2361,40.7554294243,-73.99715214156,03/03/2025 11:41:00 PM
2362,40.86930436626,-73.91539414846,03/03/2025 11:38:00 PM
2363,40.71162853017,-74.00578215113,03/03/2025 11:26:00 PM
2364,40.85029667969,-73.93567094185,03/03/2025 11:23:00 PM
2365,40.74707842728,-73.98134146691,03/03/2025 11:11:00 PM
2366,40.70070980522,-73.99324143697,03/03/2025 10:41:00 PM
2367,40.70070980522,-73.99324143697,03/03/2025 10:35:00 PM
2368,40.70070980522,-73.99324143697,03/03/2025 10:32:00 PM
2369,40.70070980522,-73.99324143697,03/03/2025 10:29:00 PM
2370,40.82523620248,-73.9496820227,03/03/2025 10:02:00 PM
2371,40.82051005182,-73.94426250788,03/03/2025 10:02:00 PM
2372,40.72772592432,-73.95447846129,03/03/2025 09:56:00 PM
2373,40.76793040138,-73.9529744374,03/03/2025 09:47:00 PM
2374,40.71190573819,-74.00603467191,03/03/2025 09:38:00 PM
2375,40.72774785381,-73.95440628722,03/03/2025 09:32:00 PM
2376,40.75544040391,-73.99717740727,03/03/2025 09:23:00 PM
2377,40.77618948862,-73.98340939266,03/03/2025 09:20:00 PM
2378,40.775274546,-73.97779524837,03/03/2025 08:56:00 PM
2379,40.75274660991,-73.98314814244,03/03/2025 08:50:00 PM
2380,40.75544040391,-73.99717740727,03/03/2025 08:47:00 PM
2381,40.72726476709,-73.98640893694,03/03/2025 08:20:00 PM
2382,40.75451915264,-73.96765613271,03/03/2025 08:11:00 PM
2383,40.7329166004,-74.00983604468,03/03/2025 08:05:00 PM
2384,40.7329166004,-74.00983604468,03/03/2025 07:56:00 PM
2385,40.71190573819,-74.00603467191,03/03/2025 07:53:00 PM
2386,40.7115406852,-74.00602742471,03/03/2025 07:44:00 PM
2387,40.78506716403,-73.97488146835,03/03/2025 07:44:00 PM
2388,40.7115406852,-74.00602742471,03/03/2025 07:41:00 PM
2389,40.7912436324,-73.93995694675,03/03/2025 07:29:00 PM
2390,40.76768344683,-73.95315150754,03/03/2025 07:29:00 PM
2391,40.76793040138,-73.9529744374,03/03/2025 07:26:00 PM
2392,40.72612137237,-73.93910643903,03/03/2025 07:23:00 PM
2393,40.75544040391,-73.99717740727,03/03/2025 07:14:00 PM
2394,40.80920326814,-73.95378695867,03/03/2025 05:11:00 PM
2395,40.7384503779,-74.00387195615,03/03/2025 04:29:00 PM
2396,40.83214495821,-73.92933936893,03/03/2025 04:23:00 PM
2397,40.74849895449,-74.00209687404,03/03/2025 03:59:00 PM
2398,40.76422501753,-73.98239076286,03/03/2025 03:35:00 PM
2399,40.78122161813,-73.94931809037,03/03/2025 03:20:00 PM
2400,40.75696843973,-73.91180818177,03/03/2025 03:08:00 PM
2401,40.70884545881,-74.00250320982,03/03/2025 02:53:00 PM
2402,40.72136154293,-74.00348855689,03/03/2025 02:50:00 PM
2403,40.79490584208,-73.9362228668,03/03/2025 01:59:00 PM
2404,40.76509419806,-73.96608065714,03/03/2025 01:41:00 PM
2405,40.77907046077,-73.91001686961,03/03/2025 12:20:00 PM
2406,40.71581675825,-74.00986959426,03/03/2025 12:11:00 PM
2407,40.74425874322,-73.94461500871,03/03/2025 12:08:00 PM
2408,40.74356512468,-73.92225899928,03/03/2025 11:35:00 AM
2409,40.74458199325,-73.9928255757,03/03/2025 11:20:00 AM
2410,40.71103835303,-74.00675961028,03/03/2025 11:17:00 AM
2411,40.76376710938,-73.98574448561,03/03/2025 11:02:00 AM
2412,40.72529208154,-74.00131685457,03/03/2025 10:56:00 AM
2413,40.73557367667,-74.00781935391,03/03/2025 10:20:00 AM
2414,40.7264063886,-73.99593391805,03/03/2025 10:02:00 AM
2415,40.76073078185,-73.96863857553,03/03/2025 09:59:00 AM
2416,40.83506065329,-73.94608611505,03/03/2025 09:50:00 AM
2417,40.73559564536,-74.00766058783,03/03/2025 08:47:00 AM
2418,40.8758839499,-73.91245320535,03/03/2025 08:41:00 AM
2419,40.74918914178,-73.94076359235,03/03/2025 08:29:00 AM
2420,40.73052981629,-73.95843463679,03/03/2025 08:23:00 AM
2421,40.73559564536,-74.00766058783,03/03/2025 08:17:00 AM
2422,40.8758839499,-73.91245320535,03/03/2025 08:17:00 AM
2423,40.70009608327,-73.93038815562,03/03/2025 08:11:00 AM
2424,40.77248003919,-73.95708344483,03/03/2025 07:32:00 AM
2425,40.7635867975,-73.99693158917,03/03/2025 07:20:00 AM
2426,40.74215026029,-73.9950199476,03/03/2025 07:08:00 AM
2427,40.70898795926,-74.00765392306,03/03/2025 06:20:00 AM
2428,40.76916251436,-73.92626171093,03/03/2025 06:17:00 AM
2429,40.78578463073,-73.9805217339,03/03/2025 06:05:00 AM
2430,40.75993703723,-73.96680522291,03/03/2025 05:59:00 AM
2431,40.71495070598,-73.95175288214,03/03/2025 05:26:00 AM
2432,40.70048292695,-73.93982590757,03/03/2025 05:20:00 AM
2433,40.77307206022,-73.94834226118,03/03/2025 03:26:00 AM
2434,40.76077415478,-73.96670373291,03/03/2025 02:50:00 AM
2435,40.76009646351,-73.96761732735,03/03/2025 02:41:00 AM
2436,40.76070057,-73.96856639498,03/03/2025 02:38:00 AM
2437,40.78603704706,-73.97994388207,03/03/2025 01:29:00 AM
2438,40.71362683187,-73.9973667518,03/03/2025 01:17:00 AM
2439,40.7115406852,-74.00602742471,03/03/2025 12:26:00 AM
2440,40.79739665073,-73.93869090341,03/03/2025 12:08:00 AM
2441,40.71190573819,-74.00603467191,03/02/2025 11:44:00 PM
2442,40.76009646351,-73.96761732735,03/02/2025 11:11:00 PM
2443,40.76009646351,-73.96761732735,03/02/2025 10:59:00 PM
2444,40.76025014171,-73.96751979034,03/02/2025 10:53:00 PM
2445,40.72726476709,-73.98640893694,03/02/2025 09:35:00 PM
2446,40.711870036,-74.00640980648,03/02/2025 08:56:00 PM
2447,40.71190573819,-74.00603467191,03/02/2025 08:53:00 PM
2448,40.71190847101,-74.00625831213,03/02/2025 08:44:00 PM
2449,40.8319929633,-73.94804356234,03/02/2025 08:35:00 PM
2450,40.79438161816,-73.94143124694,03/02/2025 07:14:00 PM
2451,40.74692124375,-73.9772633498,03/02/2025 05:59:00 PM
2452,40.74650382089,-73.91326562322,03/02/2025 05:59:00 PM
2453,40.70009608327,-73.93038815562,03/02/2025 05:17:00 PM
2454,40.79498511837,-73.94637138263,03/02/2025 04:50:00 PM
2455,40.70727760997,-74.01190980468,03/02/2025 04:35:00 PM
2456,40.76234888817,-73.99594616315,03/02/2025 04:29:00 PM
2457,40.71752338307,-74.01546853216,03/02/2025 03:23:00 PM
2458,40.83819186229,-73.94501385014,03/02/2025 01:59:00 PM
2459,40.69849369851,-73.93608428945,03/02/2025 12:53:00 PM
2460,40.78057936352,-73.95603469857,03/02/2025 12:41:00 PM
2461,40.73968507288,-73.98917780828,03/02/2025 12:32:00 PM
2462,40.72270006208,-73.98501008781,03/02/2025 12:23:00 PM
2463,40.73064628042,-73.98619176061,03/02/2025 11:59:00 AM
2464,40.82227413614,-73.94269295378,03/02/2025 11:50:00 AM
2465,40.83214495821,-73.92933936893,03/02/2025 11:44:00 AM
2466,40.83266441138,-73.93049518338,03/02/2025 11:08:00 AM
2467,40.70009608327,-73.93038815562,03/02/2025 10:53:00 AM
2468,40.79837792413,-73.96080133128,03/02/2025 10:41:00 AM
2469,40.83838992282,-73.92197833701,03/02/2025 10:35:00 AM
2470,40.73035572929,-73.98999114477,03/02/2025 10:08:00 AM
2471,40.74245296654,-73.97817067094,03/02/2025 09:29:00 AM
2472,40.73610349796,-73.99353373622,03/02/2025 09:23:00 AM
2473,40.82226314111,-73.94266044554,03/02/2025 09:08:00 AM
2474,40.71199344367,-74.00810154869,03/02/2025 09:08:00 AM
2475,40.80482279933,-73.94762770271,03/02/2025 09:08:00 AM
2476,40.71767782788,-73.96348580945,03/02/2025 09:02:00 AM
2477,40.80561196426,-73.96612141644,03/02/2025 08:47:00 AM
2478,40.82226314111,-73.94266044554,03/02/2025 08:47:00 AM
2479,40.70271410369,-73.92523519698,03/02/2025 08:38:00 AM
2480,40.80347351218,-73.96507861993,03/02/2025 08:35:00 AM
2481,40.78382989308,-73.97782489419,03/02/2025 08:23:00 AM
2482,40.73052981629,-73.95843463679,03/02/2025 08:20:00 AM
2483,40.78358839317,-73.97801635654,03/02/2025 08:20:00 AM
2484,40.70660545217,-74.00840386586,03/02/2025 08:14:00 AM
2485,40.8177007749,-73.95341254905,03/02/2025 07:05:00 AM
2486,40.84555667095,-73.94098861173,03/02/2025 02:02:00 AM
2487,40.7812269826,-73.95567318577,03/02/2025 12:35:00 AM
2488,40.72756200131,-73.99939747341,03/02/2025 12:11:00 AM
2489,40.77202126489,-73.95601507607,03/01/2025 11:41:00 PM
2490,40.77086103881,-73.92990622378,03/01/2025 11:29:00 PM
2491,40.77086103881,-73.92990622378,03/01/2025 11:20:00 PM
2492,40.85029667969,-73.93567094185,03/01/2025 10:59:00 PM
2493,40.73333144164,-73.99709174565,03/01/2025 10:47:00 PM
2494,40.77881451664,-73.9560828032,03/01/2025 09:56:00 PM
2495,40.72082573883,-73.98796511658,03/01/2025 09:53:00 PM
2496,40.70727760997,-74.01190980468,03/01/2025 09:20:00 PM
2497,40.7399624954,-73.99160636121,03/01/2025 08:23:00 PM
2498,40.72620606441,-74.00257241146,03/01/2025 08:08:00 PM
2499,40.8157483973,-73.93967110932,03/01/2025 06:32:00 PM
2500,40.78221201089,-73.97214186852,03/01/2025 05:47:00 PM
2501,40.73610349796,-73.99353373622,03/01/2025 04:59:00 PM
2502,40.74032096892,-73.98207591213,03/01/2025 04:17:00 PM
2503,40.78040794854,-73.98207595378,03/01/2025 03:44:00 PM
2504,40.73192872141,-74.00657049589,03/01/2025 03:41:00 PM
2505,40.7264063886,-73.99593391805,03/01/2025 03:02:00 PM
2506,40.73610349796,-73.99353373622,03/01/2025 02:50:00 PM
2507,40.73153912,-73.99721450128,03/01/2025 01:47:00 PM
2508,40.74314116431,-73.99632625454,03/01/2025 12:47:00 PM
2509,40.84479434621,-73.94238079454,03/01/2025 12:08:00 PM
2510,40.75769453118,-73.92994534607,03/01/2025 11:53:00 AM
2511,40.73511261299,-74.00696412027,03/01/2025 11:44:00 AM
2512,40.72649231453,-73.93986736415,03/01/2025 11:35:00 AM
2513,40.7629747319,-73.99741894872,03/01/2025 11:11:00 AM
2514,40.72082573883,-73.98796511658,03/01/2025 11:05:00 AM
2515,40.73977248655,-73.98538875897,03/01/2025 11:02:00 AM
2516,40.76495814666,-73.92294880265,03/01/2025 10:44:00 AM
2517,40.74215026029,-73.9950199476,03/01/2025 10:20:00 AM
2518,40.81427487773,-73.93533727057,03/01/2025 10:14:00 AM
2519,40.86799925491,-73.9253241495,03/01/2025 09:35:00 AM
2520,40.7677317093,-73.93400339435,03/01/2025 09:17:00 AM
2521,40.7635867975,-73.99693158917,03/01/2025 09:11:00 AM
2522,40.7635867975,-73.99693158917,03/01/2025 09:05:00 AM
2523,40.7629747319,-73.99741894872,03/01/2025 09:02:00 AM
2524,40.72572256003,-73.98975372291,03/01/2025 08:53:00 AM
2525,40.72582685403,-73.98967794203,03/01/2025 08:47:00 AM
2526,40.75773225762,-73.99685244815,03/01/2025 08:44:00 AM
2527,40.7226224317,-73.97990885101,03/01/2025 08:41:00 AM
2528,40.75261629557,-73.965094453,03/01/2025 08:23:00 AM
2529,40.71180963711,-74.00665868995,03/01/2025 08:11:00 AM
2530,40.81831832801,-73.91493510413,03/01/2025 08:08:00 AM
2531,40.80168865533,-73.95490827194,03/01/2025 08:08:00 AM
2532,40.74754794905,-73.98242043421,03/01/2025 07:59:00 AM
2533,40.74482597913,-73.90868092055,03/01/2025 07:53:00 AM
2534,40.74581447638,-74.00553249291,03/01/2025 07:53:00 AM
2535,40.74482872388,-73.90868091679,03/01/2025 07:50:00 AM
2536,40.79946743687,-73.96938964799,03/01/2025 07:47:00 AM
2537,40.76183546772,-73.99280205844,03/01/2025 02:29:00 AM
2538,40.78622906727,-73.95177345362,03/01/2025 12:53:00 AM
